EmployeeKey,Age,AttritionFlag,CommuteMiles,Department,Gender,JobRole,JobSatisfaction,MonthlySalary,OvertimeFlag,PerformanceRating,TenureYears,TrainingHoursMonthly,YearsSincePromotion,HireDate,TerminationDate,SnapshotDate
100001,35,0,21,Operations,Male,Operations Analyst,2,4962.74,0,5,10,3,7,2016-06-22,,2026-09-01
100002,44,0,2,HR,Female,Recruiter,4,5272.47,0,5,11,11,8,2014-11-12,,2026-09-01
100003,64,0,3,Sales,Female,Sales Representative,5,10065.26,0,2,19,3,13,2006-10-17,,2026-09-01
100004,22,0,7,Sales,Male,Account Executive,4,8795.5,0,1,19,3,17,2007-06-02,,2026-09-01
100005,62,1,29,Customer Support,Male,Support Lead,2,11959.0,1,4,3,13,2,2022-10-27,2026-01-29,2026-09-01
100006,60,0,18,Engineering,Female,Data Analyst,5,9830.29,1,4,20,12,8,2006-02-06,,2026-09-01
100007,27,0,1,Engineering,Female,Software Engineer,4,6516.42,0,3,8,16,7,2017-09-23,,2026-09-01
100008,62,0,28,Finance,Female,Financial Analyst,1,10243.27,0,5,6,2,3,2020-07-23,,2026-09-01
100009,55,0,1,Finance,Female,Financial Analyst,5,9542.43,1,3,4,8,1,2022-04-24,,2026-09-01
100010,52,0,32,Finance,Female,Finance Manager,4,13455.5,0,5,6,14,2,2020-01-05,,2026-09-01
100011,42,0,6,Finance,Male,Finance Manager,4,12281.49,0,3,1,22,1,2025-03-16,,2026-09-01
100012,47,0,3,Engineering,Female,Software Engineer,3,7916.74,0,3,19,9,11,2007-01-12,,2026-09-01
100013,32,0,37,Customer Support,Female,Support Specialist,1,14474.47,0,2,6,1,3,2020-05-12,,2026-09-01
100014,39,0,26,Engineering,Male,Software Engineer,4,4113.64,0,1,1,5,1,2025-07-11,,2026-09-01
100015,31,0,33,Customer Support,Male,Support Lead,1,6824.81,0,5,15,2,3,2011-04-11,,2026-09-01
100016,23,0,32,Finance,Female,Accountant,4,13827.91,0,2,18,7,0,2008-04-07,,2026-09-01
100017,43,1,7,Engineering,Male,Data Analyst,4,5176.99,1,4,9,16,1,2017-05-26,2025-12-21,2026-09-01
100018,52,0,35,HR,Male,HR Specialist,3,11403.3,1,1,8,23,3,2018-01-12,,2026-09-01
100019,60,0,35,Operations,Female,Operations Manager,1,10697.57,0,2,19,1,2,2006-12-22,,2026-09-01
100020,24,0,20,Operations,Male,Operations Analyst,3,10631.03,0,4,0,18,0,2025-11-29,,2026-09-01
100021,58,0,8,Customer Support,Female,Support Lead,3,8108.66,0,1,5,14,0,2020-09-02,,2026-09-01
100022,37,1,30,Finance,Female,Finance Manager,5,6359.03,1,4,11,8,4,2015-01-25,2025-11-03,2026-09-01
100023,41,0,3,Finance,Male,Financial Analyst,2,9491.85,1,2,0,2,0,2025-12-20,,2026-09-01
100024,42,1,27,Sales,Female,Sales Representative,2,13114.32,1,1,1,8,0,2025-04-28,2026-07-24,2026-09-01
100025,46,0,25,Sales,Male,Sales Representative,5,4122.01,0,4,2,12,0,2023-11-01,,2026-09-01
100026,43,0,34,Customer Support,Female,Customer Success Manager,2,8154.76,0,3,14,24,9,2012-06-02,,2026-09-01
100027,42,0,6,Customer Support,Male,Support Lead,3,4635.78,0,5,16,11,11,2010-03-06,,2026-09-01
100028,52,0,35,Customer Support,Female,Support Specialist,4,4700.02,1,2,19,18,16,2006-09-17,,2026-09-01
100029,46,0,23,Operations,Male,Operations Manager,1,10980.05,0,2,4,0,1,2022-05-08,,2026-09-01
100030,65,0,39,Engineering,Female,QA Engineer,5,10112.44,0,4,20,15,18,2005-12-04,,2026-09-01
100031,48,0,30,HR,Female,Recruiter,4,5181.23,0,2,4,15,4,2022-07-17,,2026-09-01
100032,57,0,5,Customer Support,Male,Support Lead,4,3711.94,0,2,9,18,9,2016-12-30,,2026-09-01
100033,24,0,16,HR,Female,HR Specialist,2,3499.58,0,3,15,19,7,2010-11-26,,2026-09-01
100034,53,0,12,Operations,Male,Operations Analyst,3,12470.82,0,3,18,11,12,2008-05-24,,2026-09-01
100035,55,0,8,Sales,Male,Account Executive,5,12747.09,0,2,16,18,8,2010-06-04,,2026-09-01
100036,65,1,21,HR,Male,Recruiter,5,6386.99,0,1,10,23,2,2016-01-29,2026-07-27,2026-09-01
100037,52,0,13,Engineering,Female,BI Developer,1,5892.07,0,1,4,19,0,2021-12-08,,2026-09-01
100038,56,0,19,Finance,Female,Financial Analyst,4,7210.43,1,4,11,18,9,2015-01-12,,2026-09-01
100039,32,0,23,HR,Female,HR Manager,1,4482.15,1,2,19,6,13,2007-07-11,,2026-09-01
100040,49,0,18,Finance,Male,Finance Manager,4,10974.74,1,1,10,5,6,2015-10-07,,2026-09-01
100041,47,0,29,Sales,Female,Account Executive,5,5835.48,0,5,1,0,1,2025-08-28,,2026-09-01
100042,24,0,31,Engineering,Male,Software Engineer,3,11981.76,0,3,3,9,1,2023-06-24,,2026-09-01
100043,33,0,20,Finance,Female,Financial Analyst,4,11869.3,1,1,17,2,12,2009-01-25,,2026-09-01
100044,45,1,6,Operations,Female,Operations Analyst,2,3337.35,1,5,0,14,0,2026-05-08,2026-01-31,2026-09-01
100045,56,0,20,Operations,Male,Operations Analyst,1,9111.01,0,1,2,20,1,2024-04-08,,2026-09-01
100046,32,0,16,Engineering,Male,BI Developer,4,4406.34,0,2,9,3,9,2017-01-21,,2026-09-01
100047,61,0,27,Sales,Female,Account Executive,1,6361.33,0,5,3,15,0,2023-02-22,,2026-09-01
100048,38,0,5,HR,Female,Recruiter,1,7926.15,1,2,18,12,4,2007-12-21,,2026-09-01
100049,38,0,11,Customer Support,Female,Support Specialist,5,11670.23,0,3,14,16,12,2012-03-09,,2026-09-01
100050,21,0,6,Finance,Male,Finance Manager,4,12385.78,1,3,20,20,4,2005-10-26,,2026-09-01
100051,37,0,9,Sales,Male,Sales Representative,1,13980.78,0,1,20,16,7,2006-06-16,,2026-09-01
100052,54,0,12,Sales,Female,Sales Manager,1,9436.55,0,3,2,24,0,2023-11-01,,2026-09-01
100053,34,0,39,HR,Male,HR Specialist,4,14279.23,0,2,1,14,0,2025-06-19,,2026-09-01
100054,58,1,30,Operations,Female,Operations Analyst,2,12944.71,1,4,0,9,0,2025-10-02,2025-10-06,2026-09-01
100055,54,0,2,Operations,Male,Operations Analyst,5,5563.18,0,3,5,18,0,2021-07-11,,2026-09-01
100056,36,0,4,Finance,Female,Accountant,1,13333.71,0,5,7,17,4,2018-09-07,,2026-09-01
100057,38,0,22,HR,Male,HR Specialist,5,9400.48,0,4,9,13,1,2016-10-20,,2026-09-01
100058,29,0,22,HR,Female,HR Manager,3,13605.86,0,2,14,3,0,2012-05-04,,2026-09-01
100059,42,1,23,HR,Female,HR Manager,2,11646.42,0,3,13,6,2,2013-08-05,2026-01-06,2026-09-01
100060,38,0,15,Operations,Male,Operations Analyst,1,11532.68,0,1,5,16,5,2021-01-18,,2026-09-01
100061,33,0,4,Engineering,Male,Software Engineer,2,12117.63,0,4,19,14,1,2007-08-08,,2026-09-01
100062,39,0,6,Engineering,Female,QA Engineer,4,10498.86,0,3,9,12,5,2017-05-24,,2026-09-01
100063,41,0,4,HR,Male,Recruiter,3,4193.13,1,1,5,22,2,2021-06-24,,2026-09-01
100064,26,0,11,HR,Male,HR Manager,4,3259.89,1,3,1,24,1,2025-01-25,,2026-09-01
100065,65,0,6,Sales,Female,Sales Representative,2,6857.58,0,1,11,19,0,2015-04-22,,2026-09-01
100066,58,0,36,Sales,Male,Sales Manager,5,9218.26,0,2,4,23,1,2022-04-16,,2026-09-01
100067,33,0,20,Operations,Female,Operations Manager,1,4768.72,0,1,7,10,6,2019-04-25,,2026-09-01
100068,51,1,14,Finance,Male,Accountant,5,11458.8,1,4,16,2,2,2010-06-25,2025-10-16,2026-09-01
100069,28,0,37,Operations,Male,Operations Analyst,4,5049.31,0,5,10,18,10,2015-09-07,,2026-09-01
100070,65,0,18,Operations,Female,Operations Analyst,3,10252.35,0,1,9,24,0,2017-06-05,,2026-09-01
100071,60,0,6,Sales,Male,Sales Manager,3,10293.1,0,4,7,14,6,2019-07-25,,2026-09-01
100072,47,1,38,Customer Support,Female,Customer Success Manager,1,6722.46,0,1,3,3,1,2023-03-29,2026-08-27,2026-09-01
100073,58,0,36,Sales,Male,Account Executive,5,4640.62,0,5,12,7,4,2014-03-27,,2026-09-01
100074,22,0,36,Operations,Male,Operations Analyst,4,11292.82,0,4,18,10,9,2008-01-03,,2026-09-01
100075,63,0,13,Sales,Male,Sales Manager,2,10109.43,0,4,11,10,11,2015-01-27,,2026-09-01
100076,57,0,28,Operations,Male,Operations Analyst,2,3978.81,0,1,7,21,2,2019-04-28,,2026-09-01
100077,46,0,23,HR,Female,HR Specialist,1,6953.25,0,3,13,7,4,2013-03-04,,2026-09-01
100078,46,0,25,Engineering,Female,Data Analyst,2,13594.37,0,2,8,1,0,2017-11-15,,2026-09-01
100079,44,0,6,Operations,Female,Coordinator,5,13537.76,0,3,6,21,1,2020-03-06,,2026-09-01
100080,37,0,20,Engineering,Female,BI Developer,4,9246.29,0,1,19,12,18,2006-09-06,,2026-09-01
100081,49,0,16,Customer Support,Male,Support Lead,3,3942.51,1,2,16,1,16,2009-11-20,,2026-09-01
100082,24,0,29,Finance,Male,Finance Manager,3,7418.4,0,2,0,0,0,2025-12-12,,2026-09-01
100083,49,0,3,Sales,Female,Sales Representative,3,8912.24,0,1,7,14,4,2018-10-16,,2026-09-01
100084,28,0,32,Operations,Male,Coordinator,3,14077.94,1,5,1,13,0,2024-11-15,,2026-09-01
100085,53,0,19,Sales,Male,Sales Representative,4,10465.06,1,1,20,14,4,2006-04-08,,2026-09-01
100086,43,0,5,Sales,Male,Sales Representative,5,7826.35,0,2,11,20,11,2015-08-13,,2026-09-01
100087,30,0,32,Customer Support,Female,Support Specialist,1,8678.0,0,1,13,7,1,2013-01-30,,2026-09-01
100088,42,1,26,Engineering,Male,Data Analyst,2,13376.47,0,5,10,10,5,2016-08-29,2025-09-25,2026-09-01
100089,58,1,37,Operations,Female,Operations Analyst,1,8821.35,1,5,1,9,1,2025-08-16,2025-10-23,2026-09-01
100090,60,0,7,Customer Support,Male,Customer Success Manager,2,13532.85,0,4,1,13,1,2024-12-08,,2026-09-01
100091,56,0,29,Finance,Male,Financial Analyst,5,12658.99,0,4,18,16,6,2007-11-25,,2026-09-01
100092,44,1,33,Sales,Male,Sales Representative,2,3552.37,0,3,4,19,2,2021-10-25,2026-02-12,2026-09-01
100093,29,0,17,Sales,Male,Account Executive,1,8799.05,0,2,8,24,6,2017-11-10,,2026-09-01
100094,50,0,12,HR,Female,HR Manager,3,6754.94,1,1,5,16,1,2020-09-13,,2026-09-01
100095,36,0,31,Operations,Male,Operations Manager,5,11777.11,1,1,18,17,11,2007-12-13,,2026-09-01
100096,46,0,10,Engineering,Female,Software Engineer,1,5240.5,0,2,14,6,13,2011-11-19,,2026-09-01
100097,28,0,23,Engineering,Male,BI Developer,5,8558.62,1,3,17,17,9,2008-10-22,,2026-09-01
100098,54,0,40,Finance,Female,Financial Analyst,2,11389.86,0,1,2,3,0,2023-11-14,,2026-09-01
100099,36,0,2,Sales,Female,Account Executive,3,13032.12,0,5,12,12,1,2014-05-17,,2026-09-01
100100,49,0,16,Finance,Female,Finance Manager,4,14320.14,1,1,16,6,4,2009-10-19,,2026-09-01
100101,34,0,18,Finance,Male,Financial Analyst,5,3675.65,0,1,17,14,16,2008-10-13,,2026-09-01
100102,57,0,39,Operations,Female,Coordinator,3,13412.08,1,4,4,3,2,2022-02-16,,2026-09-01
100103,65,1,34,Customer Support,Female,Support Specialist,1,5691.49,0,3,13,23,5,2012-10-07,2026-07-09,2026-09-01
100104,55,0,35,Engineering,Female,Software Engineer,2,8750.41,1,3,19,2,5,2007-01-04,,2026-09-01
100105,24,1,34,Engineering,Male,Software Engineer,3,13115.31,0,4,13,8,2,2012-09-10,2025-10-04,2026-09-01
100106,60,0,24,Engineering,Female,BI Developer,4,7411.38,0,5,4,15,1,2022-01-19,,2026-09-01
100107,48,0,40,Operations,Female,Operations Analyst,5,8630.63,0,2,4,2,1,2022-06-13,,2026-09-01
100108,26,0,40,HR,Female,HR Specialist,4,12811.57,1,1,18,12,10,2007-10-02,,2026-09-01
100109,47,0,7,Sales,Female,Sales Representative,5,13153.84,1,3,5,22,1,2021-02-26,,2026-09-01
100110,59,0,2,HR,Male,Recruiter,5,8934.39,0,5,17,13,16,2008-09-11,,2026-09-01
100111,55,1,19,Sales,Male,Account Executive,2,8084.32,1,4,15,14,13,2010-10-11,2025-11-27,2026-09-01
100112,24,1,22,Operations,Male,Operations Manager,1,9778.53,0,2,16,23,13,2010-08-21,2025-11-20,2026-09-01
100113,55,0,29,Operations,Female,Coordinator,3,12483.1,0,3,19,10,1,2007-08-26,,2026-09-01
100114,55,0,15,Operations,Female,Operations Analyst,5,11038.61,0,2,12,14,3,2014-07-25,,2026-09-01
100115,64,0,16,Finance,Male,Financial Analyst,5,10415.34,0,1,20,4,2,2005-11-03,,2026-09-01
100116,35,0,25,Operations,Female,Operations Manager,4,9559.08,0,3,1,7,1,2025-03-23,,2026-09-01
100117,28,0,7,HR,Female,HR Specialist,3,12203.82,0,4,14,2,3,2012-08-06,,2026-09-01
100118,27,0,20,Customer Support,Female,Support Lead,4,9510.06,0,4,16,21,1,2010-01-09,,2026-09-01
100119,28,1,30,HR,Male,HR Specialist,2,8623.31,0,3,20,12,0,2005-12-02,2025-12-08,2026-09-01
100120,37,0,32,Finance,Female,Financial Analyst,4,11137.85,0,2,11,0,1,2015-07-18,,2026-09-01
100121,53,0,26,HR,Male,Recruiter,2,14245.37,0,2,12,17,1,2014-05-09,,2026-09-01
100122,31,0,6,Engineering,Male,QA Engineer,1,13779.2,0,1,2,17,1,2024-05-02,,2026-09-01
100123,27,0,16,Customer Support,Male,Customer Success Manager,4,9951.48,1,3,10,8,9,2016-06-10,,2026-09-01
100124,32,0,19,Customer Support,Male,Customer Success Manager,4,11610.35,1,5,12,22,2,2014-08-08,,2026-09-01
100125,42,0,3,Sales,Female,Sales Representative,4,5454.83,0,5,4,21,0,2021-09-15,,2026-09-01
100126,51,0,4,Customer Support,Male,Support Specialist,4,7392.74,1,2,19,16,18,2006-11-13,,2026-09-01
100127,54,1,15,Sales,Female,Account Executive,2,12160.4,0,3,3,18,1,2023-06-28,2025-12-07,2026-09-01
100128,60,1,35,HR,Female,Recruiter,2,11288.82,1,2,20,11,13,2006-01-20,2025-11-12,2026-09-01
100129,61,0,39,Customer Support,Female,Support Specialist,1,10687.62,0,1,14,24,8,2012-08-19,,2026-09-01
100130,21,0,23,HR,Female,HR Specialist,3,13185.92,0,2,7,9,3,2019-03-22,,2026-09-01
100131,32,0,20,HR,Female,HR Manager,4,3614.39,1,5,0,11,0,2025-10-24,,2026-09-01
100132,35,0,20,Operations,Female,Coordinator,2,14349.63,0,5,5,19,1,2021-05-17,,2026-09-01
100133,57,0,5,Finance,Female,Accountant,1,8931.75,0,2,20,19,20,2006-07-05,,2026-09-01
100134,54,0,39,Finance,Male,Accountant,3,8723.97,0,4,17,22,12,2008-11-21,,2026-09-01
100135,28,0,1,Sales,Male,Sales Representative,5,8214.38,1,2,17,0,10,2008-09-26,,2026-09-01
100136,46,1,40,Sales,Female,Account Executive,1,3543.37,1,4,7,0,0,2018-11-03,2026-04-12,2026-09-01
100137,46,0,6,HR,Female,HR Specialist,1,12990.76,1,5,1,8,0,2025-02-22,,2026-09-01
100138,58,1,38,Finance,Male,Accountant,3,12328.66,1,1,13,22,2,2013-04-23,2026-04-25,2026-09-01
100139,27,0,1,Customer Support,Female,Support Lead,4,10091.1,0,3,20,24,0,2006-04-12,,2026-09-01
100140,46,0,8,Finance,Female,Accountant,2,11780.59,0,5,10,7,1,2015-09-13,,2026-09-01
100141,45,0,34,HR,Male,Recruiter,5,5980.59,0,3,11,15,6,2015-04-22,,2026-09-01
100142,63,0,23,Operations,Female,Coordinator,3,3285.46,0,4,12,14,8,2014-08-12,,2026-09-01
100143,33,0,14,Operations,Male,Operations Analyst,5,10176.07,0,3,18,14,2,2007-11-17,,2026-09-01
100144,38,0,4,Operations,Female,Operations Manager,2,4577.31,0,4,1,9,0,2025-06-17,,2026-09-01
100145,62,0,4,Engineering,Female,Data Analyst,1,7420.66,0,3,3,12,2,2023-06-10,,2026-09-01
100146,46,0,10,Customer Support,Female,Support Specialist,2,7276.73,1,1,8,4,3,2017-12-05,,2026-09-01
100147,30,1,10,Operations,Female,Coordinator,1,7990.58,0,1,17,2,11,2009-03-22,2026-05-05,2026-09-01
100148,57,0,11,Engineering,Female,Data Analyst,2,6102.79,0,1,14,24,1,2012-03-26,,2026-09-01
100149,23,0,39,HR,Male,Recruiter,1,11024.53,1,4,9,13,2,2017-04-30,,2026-09-01
100150,65,0,40,Sales,Female,Sales Representative,5,13304.36,0,1,13,5,8,2013-07-28,,2026-09-01
100151,22,0,32,Engineering,Female,QA Engineer,5,6263.97,0,3,4,21,3,2022-08-06,,2026-09-01
100152,22,0,38,Customer Support,Male,Support Lead,1,14448.93,0,4,11,7,5,2014-12-18,,2026-09-01
100153,49,1,16,HR,Male,HR Specialist,2,4292.44,0,4,14,16,11,2011-10-27,2026-08-29,2026-09-01
100154,43,0,5,Customer Support,Male,Support Specialist,4,13675.11,0,1,18,20,5,2008-05-21,,2026-09-01
100155,36,0,34,Engineering,Male,Software Engineer,5,3608.61,0,2,11,12,1,2015-07-26,,2026-09-01
100156,29,0,3,Finance,Male,Financial Analyst,4,6360.65,1,2,0,22,0,2025-10-06,,2026-09-01
100157,42,1,12,Finance,Female,Finance Manager,1,4514.94,1,3,4,23,1,2022-01-01,2026-04-20,2026-09-01
100158,29,0,2,Operations,Female,Operations Manager,3,11052.95,0,4,14,17,9,2012-03-23,,2026-09-01
100159,53,1,14,HR,Female,Recruiter,1,10050.66,1,5,3,19,2,2023-05-30,2026-08-07,2026-09-01
100160,28,1,15,HR,Female,Recruiter,4,4103.61,1,4,20,12,13,2006-08-08,2025-10-20,2026-09-01
100161,63,0,23,Customer Support,Female,Support Specialist,3,7567.01,0,2,1,9,0,2025-07-04,,2026-09-01
100162,51,0,9,Sales,Male,Account Executive,3,4043.32,1,3,14,6,11,2012-06-11,,2026-09-01
100163,59,0,36,Engineering,Male,Software Engineer,4,12782.58,1,5,19,19,2,2007-01-24,,2026-09-01
100164,27,0,5,Customer Support,Female,Support Lead,2,4711.98,0,5,4,9,1,2022-06-08,,2026-09-01
100165,41,0,18,Engineering,Male,Software Engineer,5,14043.22,0,3,17,16,10,2009-02-01,,2026-09-01
100166,24,1,18,HR,Male,Recruiter,3,7447.54,0,2,1,20,1,2025-07-12,2026-05-19,2026-09-01
100167,29,0,2,Engineering,Female,QA Engineer,4,4063.51,0,2,8,7,4,2018-04-26,,2026-09-01
100168,42,0,17,Sales,Male,Sales Representative,4,8292.0,1,5,7,11,0,2019-06-15,,2026-09-01
100169,43,0,24,HR,Male,HR Specialist,3,3336.83,1,5,10,7,9,2016-05-16,,2026-09-01
100170,39,0,5,Finance,Male,Finance Manager,5,10661.42,1,2,6,5,6,2020-08-05,,2026-09-01
100171,28,0,2,Engineering,Male,BI Developer,2,3317.83,0,4,7,13,0,2018-10-08,,2026-09-01
100172,30,0,12,Customer Support,Female,Customer Success Manager,3,14273.66,0,5,20,15,1,2006-03-22,,2026-09-01
100173,38,0,40,Engineering,Female,QA Engineer,3,9416.04,0,2,8,21,3,2018-04-02,,2026-09-01
100174,41,0,32,Operations,Male,Coordinator,1,6120.28,0,5,2,12,1,2024-05-03,,2026-09-01
100175,27,0,11,Customer Support,Female,Support Lead,3,6243.44,0,5,11,17,1,2015-01-21,,2026-09-01
100176,51,0,13,Operations,Male,Coordinator,3,11767.49,1,3,14,21,2,2012-06-06,,2026-09-01
100177,45,1,8,Operations,Female,Coordinator,2,9505.88,1,4,4,4,2,2022-05-14,2026-05-20,2026-09-01
100178,63,0,39,Sales,Male,Sales Manager,3,5324.68,0,5,9,8,3,2016-11-04,,2026-09-01
100179,32,0,34,Sales,Female,Sales Manager,5,7357.73,0,3,16,22,5,2010-08-19,,2026-09-01
100180,24,0,35,Sales,Male,Sales Representative,2,7624.24,0,5,19,9,5,2007-08-09,,2026-09-01
100181,40,0,7,Engineering,Male,Software Engineer,4,8964.24,1,5,16,15,3,2010-05-06,,2026-09-01
100182,38,0,19,Sales,Male,Sales Manager,1,10392.34,0,5,18,11,5,2008-03-27,,2026-09-01
100183,56,1,33,Finance,Female,Financial Analyst,2,7397.07,0,4,16,14,10,2010-03-03,2026-05-06,2026-09-01
100184,26,0,27,Engineering,Male,Software Engineer,4,7537.31,0,5,3,24,3,2023-04-07,,2026-09-01
100185,63,0,6,Finance,Female,Financial Analyst,1,13704.67,1,3,16,9,2,2009-09-17,,2026-09-01
100186,57,1,21,HR,Male,HR Specialist,2,13792.09,1,2,19,3,6,2007-07-15,2026-04-25,2026-09-01
100187,26,0,31,Engineering,Female,QA Engineer,4,10623.59,1,4,8,9,5,2018-03-04,,2026-09-01
100188,30,0,31,Operations,Male,Operations Manager,2,12746.12,0,1,15,12,3,2011-03-04,,2026-09-01
100189,63,1,33,Sales,Male,Sales Manager,3,7124.98,1,2,20,23,10,2006-02-18,2026-04-11,2026-09-01
100190,46,0,37,HR,Female,Recruiter,2,14268.92,0,2,11,4,7,2015-04-13,,2026-09-01
100191,32,0,4,Engineering,Male,Software Engineer,2,4203.89,0,1,8,16,7,2018-03-25,,2026-09-01
100192,63,0,17,Operations,Male,Operations Manager,2,4123.5,0,1,8,9,4,2018-06-08,,2026-09-01
100193,30,0,39,Engineering,Female,Data Analyst,4,3903.69,0,4,1,9,0,2025-04-11,,2026-09-01
100194,52,0,20,Engineering,Male,QA Engineer,2,6931.43,1,5,6,14,5,2019-11-30,,2026-09-01
100195,61,0,28,Finance,Male,Financial Analyst,2,9505.18,0,3,7,7,3,2019-07-06,,2026-09-01
100196,59,0,25,Finance,Male,Accountant,3,7498.75,1,3,19,10,11,2006-11-27,,2026-09-01
100197,56,1,8,Operations,Male,Operations Analyst,1,7674.47,1,2,4,9,3,2022-06-09,2025-12-07,2026-09-01
100198,23,0,40,Finance,Male,Financial Analyst,1,9958.67,0,5,17,15,10,2008-09-04,,2026-09-01
100199,39,0,11,Customer Support,Male,Support Lead,1,7920.7,1,5,8,12,1,2018-08-21,,2026-09-01
100200,47,0,3,Sales,Female,Sales Representative,1,3531.81,1,2,4,4,2,2022-08-08,,2026-09-01
100201,58,0,19,Engineering,Male,QA Engineer,4,6752.16,0,4,17,11,8,2009-04-21,,2026-09-01
100202,32,0,28,Customer Support,Male,Customer Success Manager,2,4337.2,0,4,15,1,8,2010-11-29,,2026-09-01
100203,43,0,17,Sales,Male,Sales Representative,5,12310.01,1,3,15,2,0,2011-04-05,,2026-09-01
100204,55,0,28,Sales,Male,Sales Manager,1,10604.69,1,3,7,3,1,2018-12-28,,2026-09-01
100205,34,0,9,HR,Female,HR Manager,3,3867.76,1,3,3,0,1,2023-07-25,,2026-09-01
100206,54,0,14,Finance,Female,Finance Manager,4,7512.21,0,3,13,13,10,2013-07-26,,2026-09-01
100207,58,1,3,Customer Support,Male,Support Lead,2,11102.26,1,5,15,6,13,2011-06-11,2025-12-24,2026-09-01
100208,39,0,38,Engineering,Male,QA Engineer,5,9309.89,0,1,14,0,7,2012-05-05,,2026-09-01
100209,55,0,30,Finance,Female,Financial Analyst,1,3744.01,1,2,8,8,5,2017-10-03,,2026-09-01
100210,50,0,11,HR,Female,Recruiter,2,9678.85,0,4,11,4,2,2015-07-29,,2026-09-01
100211,29,0,17,HR,Male,HR Specialist,2,13132.46,0,5,3,22,2,2023-07-29,,2026-09-01
100212,35,0,26,Operations,Female,Operations Manager,4,8210.19,0,3,8,5,3,2018-04-08,,2026-09-01
100213,27,0,3,Operations,Male,Coordinator,4,13941.0,0,1,3,0,3,2023-06-18,,2026-09-01
100214,38,0,12,Customer Support,Male,Support Specialist,2,13453.4,0,2,16,0,12,2010-07-03,,2026-09-01
100215,65,0,13,Customer Support,Female,Customer Success Manager,5,3262.22,0,3,19,19,0,2006-10-25,,2026-09-01
100216,62,0,9,HR,Female,HR Specialist,5,6415.55,1,5,10,18,10,2015-10-28,,2026-09-01
100217,39,0,1,HR,Female,HR Manager,4,11447.42,1,5,10,20,0,2015-10-05,,2026-09-01
100218,25,0,27,Operations,Male,Operations Manager,5,12574.34,0,4,7,17,1,2019-04-02,,2026-09-01
100219,56,1,28,Engineering,Female,BI Developer,4,13373.63,0,3,17,14,8,2009-04-08,2025-11-20,2026-09-01
100220,31,0,14,Sales,Female,Sales Manager,2,4769.25,0,4,12,2,3,2013-12-10,,2026-09-01
100221,58,0,40,Sales,Female,Account Executive,2,3332.28,0,3,2,10,0,2023-09-18,,2026-09-01
100222,41,0,31,Sales,Female,Account Executive,1,11439.66,0,4,16,20,10,2010-04-28,,2026-09-01
100223,29,0,30,HR,Female,HR Manager,4,5756.95,0,3,20,11,14,2006-05-03,,2026-09-01
100224,56,1,34,Finance,Female,Accountant,4,8064.98,0,1,0,0,0,2026-03-19,2025-11-30,2026-09-01
100225,48,0,11,Sales,Male,Sales Manager,1,4344.24,1,2,2,15,1,2024-04-29,,2026-09-01
100226,25,0,4,Engineering,Female,Software Engineer,2,3640.65,0,3,2,9,2,2024-06-19,,2026-09-01
100227,50,1,37,HR,Female,HR Manager,2,7435.28,0,4,9,17,8,2017-05-03,2026-06-16,2026-09-01
100228,65,0,4,Customer Support,Female,Support Specialist,5,4941.84,0,2,15,12,5,2010-11-28,,2026-09-01
100229,62,0,21,Finance,Male,Finance Manager,4,5855.92,1,4,1,18,0,2025-05-16,,2026-09-01
100230,33,0,11,HR,Male,HR Manager,4,7740.1,1,4,14,17,7,2011-09-14,,2026-09-01
100231,57,0,8,Sales,Female,Sales Representative,4,12833.9,1,3,6,20,1,2019-09-27,,2026-09-01
100232,41,0,17,Operations,Male,Operations Manager,4,8474.64,0,1,10,18,2,2016-08-28,,2026-09-01
100233,56,1,33,Operations,Male,Operations Manager,3,8977.41,0,2,5,16,2,2021-06-19,2026-01-25,2026-09-01
100234,24,1,35,Operations,Female,Coordinator,1,3872.03,0,1,6,16,0,2019-09-03,2026-04-07,2026-09-01
100235,25,0,31,Customer Support,Male,Customer Success Manager,2,8588.33,0,3,12,2,5,2014-02-25,,2026-09-01
100236,36,0,24,Customer Support,Female,Support Specialist,3,5580.97,1,3,11,18,1,2015-02-20,,2026-09-01
100237,23,0,25,Customer Support,Male,Customer Success Manager,5,11567.38,0,5,0,8,0,2025-11-14,,2026-09-01
100238,60,0,14,Finance,Female,Accountant,4,7800.3,0,3,8,7,2,2017-11-16,,2026-09-01
100239,65,0,38,HR,Male,Recruiter,2,4068.54,0,2,18,15,5,2008-05-02,,2026-09-01
100240,51,0,3,Sales,Female,Account Executive,3,3448.9,0,1,1,16,0,2024-11-11,,2026-09-01
100241,39,0,23,HR,Male,HR Manager,2,9820.27,0,4,16,19,13,2010-03-03,,2026-09-01
100242,44,0,30,Operations,Male,Operations Analyst,4,4814.5,1,2,14,11,6,2012-08-11,,2026-09-01
100243,31,0,15,Sales,Female,Sales Manager,1,3201.52,0,2,8,17,5,2018-02-10,,2026-09-01
100244,26,1,29,Sales,Male,Account Executive,4,4351.38,0,3,4,8,2,2021-10-17,2026-05-24,2026-09-01
100245,39,0,12,Finance,Female,Financial Analyst,3,4208.97,0,2,16,0,9,2010-02-16,,2026-09-01
100246,33,1,11,HR,Female,HR Manager,1,10840.02,1,1,4,20,3,2022-08-09,2026-04-14,2026-09-01
100247,57,0,28,Sales,Female,Account Executive,1,8578.44,0,3,15,11,8,2010-09-08,,2026-09-01
100248,57,0,31,HR,Male,Recruiter,2,5595.53,0,3,12,21,7,2014-05-25,,2026-09-01
100249,65,0,9,HR,Male,HR Manager,4,11546.15,0,4,12,11,4,2014-03-24,,2026-09-01
100250,56,0,35,Customer Support,Male,Support Specialist,5,3856.44,0,2,20,20,11,2005-12-24,,2026-09-01
100251,57,0,2,Customer Support,Male,Support Specialist,1,4605.36,0,1,5,2,5,2020-11-26,,2026-09-01
100252,63,0,26,Operations,Female,Operations Analyst,1,6724.06,1,1,3,7,3,2023-02-26,,2026-09-01
100253,62,0,34,Customer Support,Female,Support Specialist,5,6201.09,0,5,14,24,0,2012-01-24,,2026-09-01
100254,32,1,36,Operations,Male,Operations Analyst,5,14208.4,1,1,15,10,7,2011-02-06,2026-01-27,2026-09-01
100255,24,0,29,HR,Male,Recruiter,1,13792.38,0,5,7,14,3,2019-02-19,,2026-09-01
100256,60,0,5,Operations,Male,Operations Manager,4,9352.65,1,4,8,21,8,2018-05-06,,2026-09-01
100257,62,0,19,Operations,Male,Coordinator,3,14292.68,0,4,9,14,0,2016-11-05,,2026-09-01
100258,51,0,26,Customer Support,Male,Support Lead,1,13715.86,0,1,8,10,7,2018-03-12,,2026-09-01
100259,54,0,21,Customer Support,Female,Customer Success Manager,5,10216.27,1,2,14,13,9,2012-01-22,,2026-09-01
100260,50,0,8,Customer Support,Female,Customer Success Manager,4,13343.72,0,1,5,15,2,2021-06-01,,2026-09-01
100261,61,0,35,Operations,Female,Operations Manager,4,14441.46,1,2,15,24,11,2011-06-26,,2026-09-01
100262,43,1,6,Sales,Male,Sales Representative,4,12572.13,1,5,5,1,0,2021-04-01,2025-12-30,2026-09-01
100263,28,0,8,Sales,Female,Sales Manager,4,5994.95,0,1,12,19,7,2013-09-05,,2026-09-01
100264,57,0,37,Customer Support,Male,Support Specialist,4,13665.99,0,3,9,20,7,2017-07-28,,2026-09-01
100265,28,0,22,Sales,Female,Sales Representative,5,5977.62,0,4,15,12,12,2011-06-03,,2026-09-01
100266,47,0,32,Customer Support,Female,Customer Success Manager,1,11799.39,0,4,1,19,0,2025-04-26,,2026-09-01
100267,47,0,18,Engineering,Female,BI Developer,5,6036.32,0,3,13,17,3,2013-08-16,,2026-09-01
100268,65,0,23,Sales,Male,Sales Manager,2,12689.92,1,5,19,0,16,2007-05-09,,2026-09-01
100269,49,0,11,HR,Female,HR Specialist,3,8030.77,0,3,3,18,0,2023-02-17,,2026-09-01
100270,41,0,23,Sales,Male,Account Executive,2,13244.43,0,5,13,7,8,2013-04-23,,2026-09-01
100271,47,0,35,Customer Support,Male,Support Lead,5,8398.03,0,3,3,7,2,2022-12-05,,2026-09-01
100272,24,0,23,HR,Female,Recruiter,5,6391.94,0,5,2,20,1,2023-11-17,,2026-09-01
100273,26,1,10,Engineering,Female,QA Engineer,5,6634.55,0,3,4,21,3,2021-10-24,2026-07-25,2026-09-01
100274,61,1,30,Operations,Female,Coordinator,5,11252.62,1,1,4,15,2,2021-09-24,2026-01-16,2026-09-01
100275,41,0,16,Customer Support,Female,Support Specialist,3,7883.51,1,3,7,1,6,2019-01-04,,2026-09-01
100276,42,1,25,Finance,Male,Accountant,3,11776.76,0,1,16,24,3,2009-10-13,2026-06-05,2026-09-01
100277,21,0,17,Finance,Female,Accountant,2,12319.9,0,5,14,5,5,2012-03-19,,2026-09-01
100278,32,0,1,Finance,Male,Financial Analyst,1,7499.85,0,4,15,17,0,2011-03-11,,2026-09-01
100279,53,0,4,Finance,Female,Accountant,3,8862.29,1,1,13,16,7,2013-03-24,,2026-09-01
100280,36,0,35,HR,Male,HR Manager,3,7681.06,0,2,5,24,3,2021-08-20,,2026-09-01
100281,57,0,14,Sales,Male,Sales Manager,3,12812.69,1,3,7,17,3,2019-08-26,,2026-09-01
100282,32,0,5,Engineering,Male,Software Engineer,3,7851.71,1,5,20,24,13,2005-10-06,,2026-09-01
100283,61,0,5,Finance,Female,Financial Analyst,3,3839.42,0,4,18,0,12,2008-02-01,,2026-09-01
100284,39,0,24,Customer Support,Male,Customer Success Manager,2,13836.38,1,2,19,9,16,2007-08-04,,2026-09-01
100285,61,0,26,HR,Male,Recruiter,4,7976.83,0,4,4,6,2,2022-06-12,,2026-09-01
100286,36,0,24,Engineering,Female,BI Developer,2,10994.5,0,3,1,14,1,2025-05-01,,2026-09-01
100287,40,0,30,Customer Support,Male,Customer Success Manager,5,3370.75,1,3,2,9,0,2023-10-16,,2026-09-01
100288,56,1,19,Customer Support,Male,Support Specialist,2,8274.66,0,3,1,21,0,2025-06-29,2025-12-27,2026-09-01
100289,50,1,1,Operations,Female,Operations Manager,1,7557.43,1,1,12,3,2,2013-11-22,2026-06-20,2026-09-01
100290,52,0,38,Customer Support,Female,Support Lead,1,8827.86,1,2,5,2,3,2021-03-10,,2026-09-01
100291,35,0,9,Engineering,Male,QA Engineer,3,3302.31,0,1,3,10,0,2023-06-01,,2026-09-01
100292,60,0,23,Operations,Male,Operations Analyst,4,3355.32,0,1,6,13,4,2020-01-01,,2026-09-01
100293,23,0,16,Finance,Male,Financial Analyst,2,7405.86,0,2,0,5,0,2025-10-06,,2026-09-01
100294,33,0,1,Finance,Female,Finance Manager,3,9092.37,0,2,13,16,8,2012-09-09,,2026-09-01
100295,48,0,37,Engineering,Male,BI Developer,1,3595.59,1,2,0,10,0,2026-03-04,,2026-09-01
100296,63,0,28,Sales,Male,Sales Manager,2,12519.6,0,3,4,24,4,2021-10-02,,2026-09-01
100297,44,0,1,HR,Female,HR Manager,3,7829.28,0,1,3,5,1,2023-02-07,,2026-09-01
100298,30,0,7,HR,Male,HR Specialist,3,12399.62,0,3,20,3,4,2006-01-03,,2026-09-01
100299,62,0,24,Operations,Male,Coordinator,1,12557.72,0,5,20,3,13,2006-07-03,,2026-09-01
100300,36,0,9,Sales,Female,Sales Representative,3,12566.25,0,1,0,21,0,2026-02-01,,2026-09-01
100301,43,0,22,Engineering,Female,QA Engineer,1,5012.13,0,5,15,13,3,2010-10-24,,2026-09-01
100302,60,0,18,HR,Female,HR Specialist,1,7101.1,0,2,20,18,13,2006-04-21,,2026-09-01
100303,56,0,28,Operations,Male,Coordinator,3,5972.48,0,3,1,21,0,2025-02-13,,2026-09-01
100304,29,0,33,Finance,Female,Financial Analyst,3,10872.46,0,2,14,0,12,2011-11-18,,2026-09-01
100305,21,0,13,HR,Male,Recruiter,1,8801.45,1,2,1,16,0,2025-06-01,,2026-09-01
100306,27,1,1,Engineering,Male,BI Developer,1,10108.1,1,3,16,2,14,2010-05-22,2025-11-23,2026-09-01
100307,48,0,1,Engineering,Female,Data Analyst,5,12481.69,1,3,8,11,2,2018-05-05,,2026-09-01
100308,39,0,3,Customer Support,Male,Support Specialist,3,4055.41,0,2,18,18,15,2007-12-06,,2026-09-01
100309,32,0,40,Customer Support,Female,Support Lead,4,12781.59,0,1,14,12,1,2012-03-01,,2026-09-01
100310,40,0,3,Customer Support,Male,Customer Success Manager,3,3991.04,1,3,9,22,3,2017-01-24,,2026-09-01
100311,51,0,27,Finance,Female,Accountant,3,12594.46,1,1,10,1,7,2016-05-29,,2026-09-01
100312,57,0,39,Operations,Male,Operations Analyst,2,11771.07,0,3,15,11,12,2010-10-19,,2026-09-01
100313,48,1,31,Engineering,Male,BI Developer,3,8094.74,1,2,5,4,4,2021-01-30,2025-10-04,2026-09-01
100314,31,0,40,HR,Female,HR Specialist,3,5294.71,0,2,15,11,9,2011-08-25,,2026-09-01
100315,22,1,23,Engineering,Female,Data Analyst,2,14031.03,0,1,17,14,2,2008-09-21,2026-01-22,2026-09-01
100316,65,0,13,Engineering,Female,Data Analyst,3,9926.93,0,5,20,14,14,2006-05-15,,2026-09-01
100317,57,0,33,Customer Support,Male,Support Lead,4,5654.71,0,5,19,20,2,2007-02-10,,2026-09-01
100318,26,0,40,Customer Support,Male,Support Lead,5,8131.54,0,2,13,1,7,2013-02-27,,2026-09-01
100319,47,0,31,HR,Female,Recruiter,3,12315.32,1,5,19,2,14,2007-04-15,,2026-09-01
100320,31,0,35,Engineering,Female,BI Developer,2,11179.59,0,3,20,2,2,2005-11-02,,2026-09-01
100321,39,0,29,HR,Female,Recruiter,3,8197.92,1,3,3,24,3,2023-07-03,,2026-09-01
100322,54,1,5,Finance,Female,Accountant,3,8206.57,0,1,4,9,3,2022-02-23,2026-08-18,2026-09-01
100323,38,0,21,Finance,Female,Financial Analyst,4,8854.06,0,1,17,8,9,2009-06-19,,2026-09-01
100324,35,0,17,Operations,Female,Operations Analyst,5,13920.81,0,2,7,15,0,2019-01-31,,2026-09-01
100325,40,0,28,Operations,Male,Operations Manager,2,7741.33,0,5,5,16,5,2021-04-24,,2026-09-01
100326,28,0,22,Sales,Male,Sales Representative,4,3558.7,0,1,11,19,3,2014-11-07,,2026-09-01
100327,27,0,27,Customer Support,Male,Customer Success Manager,5,12240.83,1,1,15,2,2,2011-07-19,,2026-09-01
100328,51,0,31,Engineering,Male,BI Developer,5,3905.05,0,5,7,22,3,2019-02-07,,2026-09-01
100329,49,0,34,Sales,Male,Sales Manager,2,7903.26,0,3,18,19,17,2008-08-22,,2026-09-01
100330,57,0,40,Operations,Female,Coordinator,4,6345.56,1,5,19,23,9,2006-11-13,,2026-09-01
100331,33,0,26,Operations,Male,Operations Analyst,4,4860.22,0,2,3,22,2,2023-05-24,,2026-09-01
100332,58,1,24,Customer Support,Female,Support Specialist,3,3235.49,0,1,9,0,6,2017-04-27,2025-10-23,2026-09-01
100333,54,1,13,Sales,Male,Account Executive,1,9689.45,0,1,8,14,6,2017-11-28,2025-09-29,2026-09-01
100334,40,0,13,Engineering,Male,QA Engineer,1,8766.03,0,3,20,6,2,2006-06-12,,2026-09-01
100335,45,0,17,Operations,Male,Coordinator,1,5183.06,0,1,7,13,6,2018-09-02,,2026-09-01
100336,52,1,38,Engineering,Female,Software Engineer,4,5067.92,1,3,5,12,5,2021-02-23,2026-05-28,2026-09-01
100337,28,1,32,Customer Support,Female,Customer Success Manager,3,13809.51,1,4,5,16,2,2021-02-08,2025-12-20,2026-09-01
100338,61,0,20,Customer Support,Female,Support Specialist,4,3207.38,1,2,20,16,19,2005-12-26,,2026-09-01
100339,21,1,24,Customer Support,Female,Support Specialist,2,5879.06,1,3,14,14,10,2011-12-04,2026-01-15,2026-09-01
100340,36,0,18,Operations,Female,Operations Analyst,1,11156.14,1,2,1,13,1,2024-12-30,,2026-09-01
100341,41,0,17,HR,Male,Recruiter,3,10150.96,1,2,15,11,14,2011-07-09,,2026-09-01
100342,53,0,1,Operations,Male,Operations Manager,4,3482.18,0,1,19,14,11,2007-04-18,,2026-09-01
100343,28,0,12,Engineering,Female,Software Engineer,1,10101.71,0,3,7,10,6,2019-03-31,,2026-09-01
100344,49,1,40,Engineering,Female,QA Engineer,2,6793.96,1,3,20,21,7,2005-09-26,2026-01-17,2026-09-01
100345,41,0,40,Finance,Male,Financial Analyst,3,10399.17,0,3,18,23,5,2008-07-01,,2026-09-01
100346,24,0,36,HR,Male,HR Manager,2,8348.5,0,1,16,8,3,2009-11-07,,2026-09-01
100347,55,0,28,Finance,Male,Accountant,1,4205.58,1,1,13,11,7,2012-09-07,,2026-09-01
100348,64,0,12,Operations,Male,Operations Manager,5,8247.87,0,2,8,23,5,2018-03-02,,2026-09-01
100349,39,0,5,Operations,Male,Operations Manager,3,11754.64,0,3,2,11,0,2024-04-03,,2026-09-01
100350,51,0,12,Sales,Male,Sales Representative,4,6746.82,0,1,17,21,1,2008-09-27,,2026-09-01
100351,40,0,22,HR,Male,HR Specialist,5,11504.66,0,5,16,14,13,2010-05-09,,2026-09-01
100352,44,0,23,Engineering,Male,Software Engineer,4,9770.01,0,3,4,21,2,2022-06-24,,2026-09-01
100353,28,0,5,Engineering,Female,QA Engineer,2,9718.49,0,3,10,12,5,2016-07-03,,2026-09-01
100354,21,0,30,Finance,Male,Accountant,3,9214.9,0,2,7,12,2,2019-02-26,,2026-09-01
100355,48,0,31,HR,Male,HR Specialist,2,8072.94,0,4,8,24,0,2018-05-22,,2026-09-01
100356,21,0,21,HR,Female,HR Manager,1,4063.77,1,1,0,16,0,2025-12-27,,2026-09-01
100357,37,0,6,Engineering,Female,Data Analyst,3,5700.0,0,5,15,14,5,2011-06-16,,2026-09-01
100358,55,0,22,Engineering,Male,BI Developer,2,10927.69,0,2,5,14,4,2021-02-17,,2026-09-01
100359,38,0,14,Customer Support,Female,Customer Success Manager,5,5731.0,0,3,3,10,2,2022-12-03,,2026-09-01
100360,40,0,32,Finance,Female,Finance Manager,2,12620.18,1,5,3,16,2,2023-03-23,,2026-09-01
100361,26,0,4,Finance,Female,Financial Analyst,3,3529.45,1,4,13,12,9,2013-01-06,,2026-09-01
100362,23,1,15,Sales,Male,Sales Representative,3,6164.48,0,2,7,7,6,2018-11-26,2026-05-21,2026-09-01
100363,36,1,10,HR,Female,HR Specialist,2,3686.49,1,4,2,1,2,2023-11-21,2026-04-03,2026-09-01
100364,64,0,23,Customer Support,Male,Support Lead,2,12739.6,0,1,3,4,1,2023-06-01,,2026-09-01
100365,23,0,17,Finance,Female,Finance Manager,4,6865.11,0,3,9,4,5,2017-04-16,,2026-09-01
100366,40,0,11,Customer Support,Male,Support Specialist,5,14390.76,0,4,15,11,6,2010-12-29,,2026-09-01
100367,61,0,10,Engineering,Female,BI Developer,3,13224.45,0,4,8,22,8,2017-11-27,,2026-09-01
100368,34,0,30,Engineering,Female,Data Analyst,1,3792.02,0,2,9,9,2,2016-10-23,,2026-09-01
100369,65,0,2,HR,Female,Recruiter,4,3606.01,1,3,6,10,0,2020-02-06,,2026-09-01
100370,46,1,12,HR,Female,HR Manager,4,7693.83,1,2,15,14,14,2010-12-14,2026-02-22,2026-09-01
100371,60,0,17,Customer Support,Female,Customer Success Manager,5,6788.37,0,5,11,15,3,2015-04-14,,2026-09-01
100372,50,0,10,Operations,Male,Operations Analyst,5,13038.16,1,5,15,2,14,2010-12-06,,2026-09-01
100373,33,0,37,Operations,Male,Coordinator,3,13492.07,0,1,9,5,3,2017-08-12,,2026-09-01
100374,56,0,23,Sales,Female,Account Executive,2,5385.82,0,5,12,3,5,2013-12-01,,2026-09-01
100375,59,0,6,Operations,Male,Operations Analyst,4,10797.94,1,1,18,3,17,2008-07-26,,2026-09-01
100376,57,0,34,Customer Support,Male,Customer Success Manager,5,14416.17,0,4,3,18,1,2022-11-06,,2026-09-01
100377,41,0,32,Finance,Male,Financial Analyst,2,8108.28,0,2,18,23,16,2008-05-30,,2026-09-01
100378,51,0,1,Customer Support,Female,Customer Success Manager,3,9484.95,1,2,10,14,1,2016-06-06,,2026-09-01
100379,48,0,28,Engineering,Female,BI Developer,5,11848.61,0,4,0,11,0,2026-07-17,,2026-09-01
100380,31,0,12,Sales,Male,Sales Representative,3,10844.27,0,2,12,16,1,2014-02-19,,2026-09-01
100381,48,0,40,Operations,Female,Operations Manager,1,10266.23,1,2,9,14,4,2016-11-08,,2026-09-01
100382,40,0,27,Customer Support,Male,Support Specialist,1,14465.07,0,1,17,1,11,2008-09-04,,2026-09-01
100383,30,0,20,Sales,Female,Account Executive,4,11985.25,0,4,1,23,1,2025-03-10,,2026-09-01
100384,22,0,37,Engineering,Male,Data Analyst,4,5074.68,0,5,14,9,13,2012-08-21,,2026-09-01
100385,32,0,36,Customer Support,Male,Support Lead,5,13372.98,1,1,5,12,3,2021-07-28,,2026-09-01
100386,52,0,16,Finance,Male,Finance Manager,3,13644.44,0,3,12,13,6,2014-05-02,,2026-09-01
100387,65,0,7,Operations,Male,Operations Analyst,4,13644.07,0,4,13,1,4,2012-10-20,,2026-09-01
100388,35,1,31,Finance,Male,Accountant,3,7229.54,0,5,10,19,2,2015-09-15,2025-11-20,2026-09-01
100389,42,0,27,Engineering,Female,BI Developer,1,7605.87,0,4,1,22,1,2024-10-12,,2026-09-01
100390,49,0,20,Customer Support,Male,Customer Success Manager,3,12380.95,0,1,15,16,1,2011-05-26,,2026-09-01
100391,53,0,35,HR,Female,HR Manager,5,9736.97,0,5,2,19,0,2024-02-27,,2026-09-01
100392,58,0,13,Customer Support,Female,Customer Success Manager,5,3490.29,0,4,12,14,4,2014-03-15,,2026-09-01
100393,46,1,26,Finance,Female,Accountant,3,6339.65,1,3,15,15,6,2011-05-10,2026-02-06,2026-09-01
100394,46,0,38,Customer Support,Female,Customer Success Manager,2,8828.87,0,4,9,5,0,2017-08-22,,2026-09-01
100395,27,1,4,Finance,Female,Finance Manager,1,11114.88,1,4,10,10,2,2015-09-09,2026-07-17,2026-09-01
100396,45,0,4,Engineering,Female,Software Engineer,3,13716.26,0,2,19,10,8,2007-05-07,,2026-09-01
100397,46,0,36,Sales,Female,Sales Representative,3,10636.56,1,4,18,12,14,2007-09-15,,2026-09-01
100398,62,0,38,Finance,Female,Accountant,1,13827.69,0,2,14,16,8,2012-03-05,,2026-09-01
100399,58,0,1,HR,Male,Recruiter,4,7626.69,0,1,19,3,10,2007-03-25,,2026-09-01
100400,50,0,35,Engineering,Male,BI Developer,5,6073.15,0,4,17,10,13,2009-02-25,,2026-09-01
100401,36,0,31,Operations,Male,Operations Analyst,4,10142.72,0,2,2,15,2,2024-07-17,,2026-09-01
100402,31,0,12,Customer Support,Female,Support Lead,4,12053.21,0,5,1,0,0,2025-05-17,,2026-09-01
100403,26,0,8,Sales,Female,Account Executive,3,9034.0,0,5,5,24,1,2021-07-20,,2026-09-01
100404,50,0,21,Operations,Female,Operations Manager,4,12402.57,0,5,6,14,1,2019-12-31,,2026-09-01
100405,38,0,18,Operations,Female,Operations Manager,4,11699.05,1,4,2,10,2,2024-04-20,,2026-09-01
100406,44,0,6,Sales,Male,Account Executive,2,12063.78,0,3,1,15,0,2025-03-14,,2026-09-01
100407,29,0,32,Operations,Female,Coordinator,5,10029.26,1,3,12,9,10,2014-04-05,,2026-09-01
100408,23,0,28,HR,Female,HR Manager,5,7569.79,0,5,18,18,2,2007-12-11,,2026-09-01
100409,24,0,3,Sales,Female,Sales Representative,5,9452.18,0,3,18,15,8,2008-06-09,,2026-09-01
100410,27,0,38,HR,Male,HR Specialist,2,5293.63,0,5,14,11,0,2011-10-11,,2026-09-01
100411,45,1,25,Customer Support,Male,Support Specialist,1,12200.27,1,1,17,3,10,2009-08-21,2026-08-07,2026-09-01
100412,63,0,18,Customer Support,Female,Support Specialist,3,3247.32,0,3,13,23,10,2012-11-22,,2026-09-01
100413,24,0,34,Operations,Male,Operations Analyst,3,14136.17,0,5,13,12,4,2012-12-27,,2026-09-01
100414,38,0,12,Sales,Male,Sales Representative,5,6370.79,0,3,1,18,0,2024-11-05,,2026-09-01
100415,65,0,1,Customer Support,Male,Support Lead,3,11558.42,0,3,11,17,11,2015-01-29,,2026-09-01
100416,53,0,37,Operations,Female,Coordinator,2,13258.56,0,5,18,22,15,2008-08-05,,2026-09-01
100417,28,0,21,Operations,Female,Operations Analyst,2,13449.57,1,1,11,5,6,2015-01-31,,2026-09-01
100418,43,0,23,Finance,Female,Finance Manager,1,10611.71,0,3,12,12,11,2014-04-09,,2026-09-01
100419,27,0,27,Finance,Female,Accountant,3,11052.97,0,5,17,7,15,2008-09-27,,2026-09-01
100420,48,0,2,Operations,Female,Operations Analyst,1,6805.21,0,3,16,24,5,2010-08-05,,2026-09-01
100421,60,0,33,Customer Support,Female,Support Lead,3,10270.21,0,5,2,23,0,2023-09-13,,2026-09-01
100422,65,0,34,Operations,Female,Operations Analyst,1,6771.68,0,3,16,24,15,2010-04-29,,2026-09-01
100423,39,0,40,Engineering,Male,Data Analyst,2,6662.49,0,5,0,5,0,2025-10-01,,2026-09-01
100424,51,0,30,Finance,Female,Finance Manager,1,5618.14,0,4,9,8,3,2017-08-23,,2026-09-01
100425,46,0,16,HR,Male,HR Specialist,3,9498.68,1,5,3,19,2,2023-02-05,,2026-09-01
100426,24,1,10,HR,Female,HR Specialist,5,6445.6,1,1,9,20,2,2017-05-16,2025-11-07,2026-09-01
100427,32,1,9,Operations,Male,Operations Analyst,4,8988.03,0,4,4,22,4,2022-06-20,2026-02-07,2026-09-01
100428,51,0,17,Finance,Female,Financial Analyst,5,10790.31,1,4,17,9,5,2008-11-30,,2026-09-01
100429,40,1,19,Sales,Female,Sales Representative,1,7383.62,1,3,4,22,0,2022-01-31,2026-05-24,2026-09-01
100430,45,0,40,Customer Support,Female,Customer Success Manager,3,6008.5,0,4,15,18,9,2011-05-14,,2026-09-01
100431,47,0,36,HR,Male,HR Manager,1,13503.55,0,5,9,24,6,2017-07-30,,2026-09-01
100432,54,1,38,Finance,Female,Accountant,5,4751.49,1,5,2,21,2,2024-06-19,2025-10-08,2026-09-01
100433,27,0,1,Operations,Male,Operations Manager,5,11584.35,0,4,8,2,2,2018-05-16,,2026-09-01
100434,47,0,7,Finance,Male,Financial Analyst,4,5398.25,1,2,15,20,0,2011-01-15,,2026-09-01
100435,37,0,32,HR,Female,HR Specialist,3,11216.09,0,4,2,13,2,2024-07-16,,2026-09-01
100436,44,0,18,Engineering,Male,QA Engineer,2,6661.2,0,3,19,14,17,2007-04-04,,2026-09-01
100437,33,0,24,Finance,Female,Accountant,5,4773.57,0,1,8,12,0,2017-09-13,,2026-09-01
100438,49,1,7,Operations,Male,Operations Manager,5,3575.93,0,1,1,5,1,2025-06-12,2025-10-26,2026-09-01
100439,34,0,22,Engineering,Female,Software Engineer,3,13314.14,1,1,19,10,16,2007-06-09,,2026-09-01
100440,59,0,6,Sales,Male,Account Executive,1,14451.8,0,4,1,15,0,2024-09-17,,2026-09-01
100441,62,1,36,Engineering,Female,Software Engineer,2,5096.3,0,1,1,17,0,2024-12-11,2026-05-27,2026-09-01
100442,38,0,32,Operations,Male,Operations Analyst,1,11321.51,0,4,10,5,1,2016-07-05,,2026-09-01
100443,38,0,37,Engineering,Male,Software Engineer,3,10834.13,0,2,12,22,5,2014-05-12,,2026-09-01
100444,24,0,18,Sales,Male,Sales Manager,2,9555.45,0,2,2,0,1,2024-06-23,,2026-09-01
100445,41,0,12,Finance,Female,Financial Analyst,2,5852.72,1,4,13,23,10,2013-08-24,,2026-09-01
100446,44,1,22,Customer Support,Male,Support Specialist,1,6492.38,0,5,14,21,10,2012-06-11,2026-07-21,2026-09-01
100447,50,0,17,Engineering,Male,BI Developer,1,12740.76,1,3,15,23,6,2010-12-29,,2026-09-01
100448,21,0,29,Sales,Female,Sales Representative,5,5142.2,0,5,19,20,15,2006-09-26,,2026-09-01
100449,36,0,10,Customer Support,Female,Support Lead,3,3362.51,1,4,0,20,0,2026-05-25,,2026-09-01
100450,65,0,14,Sales,Male,Sales Manager,3,11120.57,0,1,3,4,3,2023-02-08,,2026-09-01
100451,21,0,6,Engineering,Female,QA Engineer,3,7464.2,0,2,14,12,6,2012-07-06,,2026-09-01
100452,35,1,27,Sales,Male,Account Executive,1,11177.31,0,2,3,0,3,2023-05-16,2026-05-05,2026-09-01
100453,46,0,3,Customer Support,Female,Support Specialist,5,4850.04,1,3,2,17,2,2024-06-15,,2026-09-01
100454,52,0,10,HR,Female,Recruiter,2,9940.08,1,4,5,16,0,2021-05-22,,2026-09-01
100455,32,0,32,Sales,Male,Sales Representative,3,11253.12,0,3,15,17,9,2011-07-23,,2026-09-01
100456,33,0,23,Sales,Male,Sales Representative,4,3486.44,0,1,14,10,9,2012-06-05,,2026-09-01
100457,58,1,40,Finance,Female,Financial Analyst,1,4214.28,1,2,8,24,7,2017-09-23,2025-09-29,2026-09-01
100458,50,0,21,HR,Male,Recruiter,5,8214.62,0,2,7,12,0,2019-02-11,,2026-09-01
100459,65,1,9,Operations,Female,Operations Analyst,1,4498.44,0,3,17,19,14,2009-08-16,2025-12-10,2026-09-01
100460,48,0,19,Finance,Male,Finance Manager,2,13587.05,0,2,4,13,3,2021-12-29,,2026-09-01
100461,22,1,19,HR,Female,HR Manager,1,6581.32,0,3,0,10,0,2025-11-08,2026-03-31,2026-09-01
100462,27,0,36,Operations,Male,Operations Analyst,5,11616.52,0,1,13,9,5,2012-11-04,,2026-09-01
100463,48,0,16,HR,Female,HR Manager,1,5676.12,0,1,5,24,4,2021-04-07,,2026-09-01
100464,46,0,14,Operations,Male,Operations Analyst,4,8568.63,1,4,10,0,7,2016-08-31,,2026-09-01
100465,48,0,9,Sales,Male,Account Executive,5,10695.41,1,4,15,1,3,2011-06-28,,2026-09-01
100466,32,0,36,Finance,Male,Finance Manager,3,7060.54,0,5,7,3,5,2018-10-15,,2026-09-01
100467,50,1,40,Finance,Female,Accountant,3,7042.05,1,3,20,4,15,2006-07-13,2026-06-24,2026-09-01
100468,25,1,9,Finance,Male,Accountant,3,5420.3,0,5,20,7,20,2005-11-13,2025-10-08,2026-09-01
100469,34,0,12,HR,Female,HR Manager,4,4247.68,0,2,13,16,0,2012-12-10,,2026-09-01
100470,32,0,13,Finance,Male,Financial Analyst,2,7491.03,0,4,6,17,4,2020-08-29,,2026-09-01
100471,54,0,11,Engineering,Male,Data Analyst,1,10007.9,0,2,5,10,3,2021-04-30,,2026-09-01
100472,62,1,14,HR,Female,HR Specialist,2,6327.32,0,2,11,6,3,2014-12-23,2026-04-19,2026-09-01
100473,58,0,22,Engineering,Female,Data Analyst,4,12830.0,0,1,5,18,1,2020-12-30,,2026-09-01
100474,26,0,39,Sales,Female,Account Executive,1,8049.39,0,1,20,19,11,2006-07-07,,2026-09-01
100475,62,1,25,Sales,Male,Sales Manager,3,12148.87,0,5,9,6,7,2016-11-24,2025-12-17,2026-09-01
100476,54,0,18,Engineering,Male,Software Engineer,5,13198.33,0,4,19,16,10,2006-11-15,,2026-09-01
100477,33,0,4,Operations,Female,Operations Analyst,2,10327.71,0,3,7,22,2,2019-06-05,,2026-09-01
100478,28,0,5,Operations,Male,Operations Manager,2,9374.4,0,5,17,2,7,2009-07-07,,2026-09-01
100479,31,0,18,Operations,Male,Operations Manager,5,12925.55,0,5,11,6,9,2015-03-30,,2026-09-01
100480,52,0,11,Customer Support,Female,Support Specialist,2,11327.35,0,2,14,14,9,2012-08-28,,2026-09-01
100481,35,0,21,Operations,Male,Coordinator,1,5562.12,0,5,15,4,6,2011-01-17,,2026-09-01
100482,47,0,16,HR,Male,HR Specialist,5,14339.58,1,5,6,9,0,2020-04-04,,2026-09-01
100483,48,0,5,HR,Male,HR Specialist,4,7584.09,1,5,8,1,1,2018-08-21,,2026-09-01
100484,34,1,38,HR,Female,Recruiter,4,10302.07,0,1,10,7,4,2016-07-22,2026-06-19,2026-09-01
100485,58,0,29,Engineering,Female,BI Developer,3,5937.51,0,4,14,17,7,2011-12-16,,2026-09-01
100486,56,0,18,Operations,Female,Operations Manager,3,13908.85,0,2,4,8,3,2022-08-24,,2026-09-01
100487,35,0,12,HR,Male,Recruiter,4,6589.2,0,2,9,16,7,2016-10-01,,2026-09-01
100488,46,0,23,Customer Support,Female,Customer Success Manager,4,11122.4,0,2,16,16,7,2009-11-12,,2026-09-01
100489,54,0,13,Finance,Male,Finance Manager,3,8362.84,0,4,16,3,2,2010-06-14,,2026-09-01
100490,32,1,4,Sales,Female,Account Executive,4,5505.14,1,5,20,19,14,2005-10-25,2026-08-16,2026-09-01
100491,37,0,13,HR,Female,HR Manager,3,6645.41,0,4,17,3,12,2009-07-27,,2026-09-01
100492,24,0,5,Operations,Male,Operations Analyst,2,8361.06,0,5,1,9,1,2025-02-20,,2026-09-01
100493,28,0,39,Finance,Male,Financial Analyst,5,11854.31,0,1,0,4,0,2026-06-02,,2026-09-01
100494,60,1,19,Operations,Male,Operations Analyst,4,9549.87,0,1,5,10,0,2021-03-15,2026-05-16,2026-09-01
100495,21,0,21,Customer Support,Male,Support Specialist,4,13674.06,1,4,6,19,5,2020-01-27,,2026-09-01
100496,38,0,29,HR,Male,HR Specialist,3,7776.15,1,3,14,9,4,2012-02-17,,2026-09-01
100497,65,0,20,Finance,Female,Financial Analyst,4,4503.6,1,3,5,20,4,2021-07-09,,2026-09-01
100498,22,0,7,Engineering,Male,Software Engineer,2,14056.43,0,1,18,14,1,2008-02-04,,2026-09-01
100499,25,0,7,Finance,Male,Financial Analyst,1,13173.55,0,4,6,5,0,2019-12-31,,2026-09-01
100500,29,1,24,Operations,Female,Operations Analyst,5,9021.39,1,4,3,17,0,2022-10-30,2026-02-10,2026-09-01
100501,35,0,28,Engineering,Female,Software Engineer,4,12172.36,0,3,8,12,3,2017-12-05,,2026-09-01
100502,30,0,32,HR,Female,HR Specialist,4,8995.35,1,3,14,17,10,2011-10-23,,2026-09-01
100503,51,0,36,Sales,Female,Sales Manager,2,4684.96,0,1,1,8,1,2024-10-10,,2026-09-01
100504,25,0,30,Finance,Male,Accountant,4,12663.18,0,4,13,11,1,2013-01-25,,2026-09-01
100505,58,0,25,Operations,Male,Operations Analyst,1,11644.46,0,2,3,4,3,2023-06-06,,2026-09-01
100506,38,0,15,Operations,Female,Coordinator,4,14311.75,0,1,1,18,1,2025-06-20,,2026-09-01
100507,58,1,34,Sales,Male,Sales Manager,4,10965.25,1,5,12,17,2,2013-10-23,2025-09-24,2026-09-01
100508,32,0,7,Finance,Male,Finance Manager,5,9356.25,0,1,15,19,5,2011-04-10,,2026-09-01
100509,47,0,21,Sales,Male,Account Executive,4,13048.92,0,4,12,24,4,2014-02-03,,2026-09-01
100510,64,0,14,Finance,Female,Finance Manager,5,7264.33,0,1,7,2,0,2018-10-13,,2026-09-01
100511,48,1,3,HR,Female,Recruiter,3,12421.84,1,5,10,19,6,2016-08-11,2025-11-08,2026-09-01
100512,32,0,10,HR,Male,HR Specialist,1,7683.72,0,5,12,2,2,2014-05-05,,2026-09-01
100513,27,0,10,Finance,Male,Accountant,2,11273.39,0,3,20,12,6,2006-03-02,,2026-09-01
100514,52,0,16,Engineering,Female,BI Developer,1,9459.97,0,5,19,10,5,2007-01-19,,2026-09-01
100515,58,0,20,Customer Support,Male,Support Lead,1,8156.73,0,5,1,16,1,2025-01-31,,2026-09-01
100516,38,1,30,HR,Male,HR Manager,3,6507.0,0,2,5,15,3,2020-11-13,2026-01-19,2026-09-01
100517,55,0,2,Customer Support,Male,Support Lead,5,8480.05,0,4,1,20,0,2025-03-30,,2026-09-01
100518,50,0,7,HR,Female,HR Manager,2,13363.36,0,5,12,22,11,2014-04-27,,2026-09-01
100519,39,0,29,Sales,Male,Sales Representative,5,5127.79,0,3,8,23,3,2018-06-30,,2026-09-01
100520,47,1,39,Sales,Female,Sales Representative,2,3937.63,1,2,0,0,0,2026-08-12,2025-11-14,2026-09-01
100521,21,0,3,Operations,Male,Coordinator,3,4296.31,0,5,10,9,4,2016-06-10,,2026-09-01
100522,51,0,12,Operations,Male,Operations Manager,4,9136.1,0,1,9,2,9,2017-05-11,,2026-09-01
100523,65,0,26,HR,Female,HR Specialist,5,4615.34,0,1,5,15,4,2020-12-21,,2026-09-01
100524,63,0,27,HR,Female,HR Manager,2,5964.6,0,1,20,10,7,2005-10-15,,2026-09-01
100525,28,0,20,Customer Support,Male,Support Specialist,2,10045.02,0,5,18,15,8,2007-09-27,,2026-09-01
100526,36,0,37,Sales,Female,Account Executive,1,12695.93,0,4,3,15,1,2023-06-10,,2026-09-01
100527,29,0,29,Engineering,Male,Software Engineer,3,6142.56,1,5,12,4,9,2014-06-04,,2026-09-01
100528,22,0,23,Engineering,Male,BI Developer,2,8995.04,0,5,8,2,5,2018-04-26,,2026-09-01
100529,38,0,22,HR,Female,Recruiter,5,8818.69,1,4,1,0,0,2025-02-10,,2026-09-01
100530,50,0,11,HR,Male,HR Specialist,4,3743.29,0,2,8,2,7,2017-12-17,,2026-09-01
100531,35,0,34,Finance,Male,Financial Analyst,3,12609.44,0,4,15,10,4,2010-12-05,,2026-09-01
100532,54,1,23,Finance,Female,Accountant,3,8373.2,0,1,6,0,4,2019-11-10,2026-08-30,2026-09-01
100533,56,0,35,Operations,Female,Operations Manager,4,4825.71,0,2,12,18,0,2014-09-01,,2026-09-01
100534,65,0,36,Customer Support,Male,Customer Success Manager,4,4180.65,0,2,19,17,15,2006-09-10,,2026-09-01
100535,56,0,39,Sales,Female,Account Executive,5,3640.77,0,4,11,18,8,2015-05-22,,2026-09-01
100536,34,0,39,HR,Female,Recruiter,2,5952.85,1,3,0,8,0,2026-05-26,,2026-09-01
100537,27,1,12,Sales,Female,Account Executive,3,9679.78,0,2,13,10,0,2012-12-29,2025-09-04,2026-09-01
100538,56,0,9,Engineering,Female,Software Engineer,1,3241.84,0,1,3,14,1,2023-04-09,,2026-09-01
100539,64,1,11,HR,Male,Recruiter,3,7778.73,0,5,6,9,1,2020-02-07,2026-08-12,2026-09-01
100540,58,1,14,Engineering,Female,Software Engineer,1,14109.57,1,4,12,1,11,2014-02-18,2026-06-24,2026-09-01
100541,62,0,3,HR,Male,HR Specialist,2,6270.41,1,1,0,8,0,2026-04-29,,2026-09-01
100542,24,0,39,Finance,Female,Accountant,4,4756.4,0,2,18,21,8,2008-04-14,,2026-09-01
100543,22,0,5,Operations,Female,Coordinator,2,3913.97,0,3,17,24,1,2008-10-04,,2026-09-01
100544,23,1,26,Customer Support,Female,Support Lead,1,12421.44,0,3,12,16,9,2014-08-30,2026-08-21,2026-09-01
100545,38,1,40,Sales,Male,Sales Manager,4,3388.39,1,3,20,17,10,2006-05-25,2026-08-02,2026-09-01
100546,29,0,40,Sales,Female,Account Executive,1,10707.03,0,3,18,22,7,2007-12-01,,2026-09-01
100547,62,0,33,Customer Support,Female,Customer Success Manager,3,13121.16,0,2,6,11,4,2020-02-27,,2026-09-01
100548,46,0,15,HR,Male,HR Specialist,5,3529.62,0,1,4,10,1,2022-08-11,,2026-09-01
100549,59,0,1,Sales,Male,Account Executive,1,9594.13,1,2,0,5,0,2026-04-01,,2026-09-01
100550,28,0,29,Finance,Female,Financial Analyst,2,13537.72,0,2,9,6,2,2016-12-03,,2026-09-01
100551,33,1,10,Sales,Male,Account Executive,5,6617.07,0,4,20,1,12,2006-01-12,2026-02-27,2026-09-01
100552,23,1,6,Finance,Male,Accountant,1,11278.35,0,1,9,19,4,2017-05-05,2026-05-03,2026-09-01
100553,21,1,13,Operations,Male,Operations Analyst,1,6939.34,0,3,17,21,3,2009-08-21,2025-10-22,2026-09-01
100554,35,0,16,HR,Male,HR Manager,2,4371.1,1,3,9,1,7,2016-11-07,,2026-09-01
100555,49,1,25,Finance,Female,Accountant,1,4574.14,0,2,2,8,1,2023-10-04,2025-12-26,2026-09-01
100556,62,1,36,HR,Male,HR Manager,4,13342.12,1,2,5,19,2,2021-07-20,2026-02-09,2026-09-01
100557,43,1,11,Customer Support,Female,Support Lead,5,3763.42,0,1,4,6,4,2022-06-09,2026-08-01,2026-09-01
100558,60,0,35,Engineering,Female,Data Analyst,2,10725.2,1,5,8,19,4,2018-08-06,,2026-09-01
100559,40,0,2,HR,Female,Recruiter,1,11846.18,0,1,17,2,0,2009-08-08,,2026-09-01
100560,32,0,35,HR,Male,HR Manager,4,11816.63,0,5,15,24,14,2010-10-24,,2026-09-01
100561,25,1,33,HR,Female,HR Manager,2,10762.7,1,4,7,11,4,2018-12-30,2026-07-24,2026-09-01
100562,44,0,9,Customer Support,Female,Support Lead,2,3379.9,0,4,15,17,14,2010-11-03,,2026-09-01
100563,36,0,24,HR,Male,Recruiter,2,4632.86,1,2,8,4,6,2017-10-07,,2026-09-01
100564,49,0,15,Sales,Female,Sales Manager,1,4091.91,0,1,20,10,16,2005-12-06,,2026-09-01
100565,39,1,13,Operations,Female,Operations Manager,2,8740.53,1,2,20,8,0,2005-09-08,2026-08-15,2026-09-01
100566,55,1,20,Finance,Male,Accountant,1,4407.08,0,5,4,10,2,2022-07-30,2025-12-22,2026-09-01
100567,27,0,16,Engineering,Female,QA Engineer,4,6572.97,0,3,15,3,15,2011-01-18,,2026-09-01
100568,40,1,28,Customer Support,Male,Customer Success Manager,5,3438.99,0,1,1,22,0,2025-04-18,2025-11-04,2026-09-01
100569,34,0,31,HR,Male,Recruiter,3,13436.8,0,1,6,13,3,2019-11-05,,2026-09-01
100570,47,0,18,HR,Male,HR Manager,5,11137.11,0,4,19,21,9,2006-09-29,,2026-09-01
100571,63,0,39,HR,Male,HR Manager,4,11421.16,0,3,10,4,4,2015-11-20,,2026-09-01
100572,64,0,15,Finance,Male,Accountant,4,7838.64,1,3,1,18,0,2025-06-10,,2026-09-01
100573,31,0,14,Finance,Male,Financial Analyst,2,10263.53,1,4,4,11,2,2021-12-02,,2026-09-01
100574,59,0,15,Operations,Female,Coordinator,3,10721.85,0,4,20,11,17,2006-03-15,,2026-09-01
100575,28,0,35,Operations,Male,Operations Manager,5,10539.84,0,3,8,16,0,2018-05-04,,2026-09-01
100576,34,0,12,Customer Support,Male,Support Lead,5,6947.73,1,5,2,16,2,2024-05-25,,2026-09-01
100577,37,0,24,Operations,Male,Operations Manager,3,4845.6,0,2,13,7,10,2012-10-11,,2026-09-01
100578,64,0,28,Engineering,Female,Data Analyst,4,3214.33,1,3,11,21,9,2014-10-24,,2026-09-01
100579,38,0,24,Sales,Male,Sales Representative,2,13242.9,0,4,13,3,4,2013-01-25,,2026-09-01
100580,46,0,7,Customer Support,Male,Customer Success Manager,4,12345.88,0,5,4,17,3,2022-01-19,,2026-09-01
100581,58,0,31,Engineering,Female,BI Developer,2,14184.5,0,4,4,10,2,2021-10-14,,2026-09-01
100582,54,0,9,HR,Female,HR Manager,3,10055.89,0,2,9,24,3,2017-07-06,,2026-09-01
100583,35,1,40,Finance,Male,Finance Manager,2,7723.73,0,4,15,20,10,2011-08-06,2026-01-04,2026-09-01
100584,42,1,18,Finance,Female,Accountant,3,13404.21,0,3,2,7,0,2023-09-11,2025-12-17,2026-09-01
100585,53,0,8,Sales,Female,Account Executive,5,10227.89,0,4,9,7,2,2017-01-19,,2026-09-01
100586,60,1,8,Finance,Female,Financial Analyst,1,4162.12,0,3,4,17,4,2021-12-03,2026-01-02,2026-09-01
100587,44,0,22,Finance,Male,Accountant,3,11146.16,0,3,1,16,1,2024-11-04,,2026-09-01
100588,48,0,32,HR,Female,HR Manager,4,12789.25,1,4,7,21,7,2019-07-30,,2026-09-01
100589,49,0,21,Operations,Female,Operations Analyst,5,3531.08,0,1,12,12,0,2014-02-28,,2026-09-01
100590,29,0,3,Customer Support,Male,Support Lead,3,8473.52,0,1,16,24,10,2010-01-12,,2026-09-01
100591,34,1,40,HR,Female,Recruiter,1,5346.26,0,4,6,23,2,2019-10-26,2025-09-08,2026-09-01
100592,42,1,29,Operations,Male,Coordinator,3,5181.28,0,3,10,22,6,2016-01-21,2026-01-04,2026-09-01
100593,54,1,36,Engineering,Female,Software Engineer,1,8462.7,0,5,12,17,11,2013-10-04,2026-04-11,2026-09-01
100594,62,1,9,Engineering,Male,QA Engineer,3,9141.2,1,5,11,4,9,2014-09-10,2026-04-13,2026-09-01
100595,55,0,38,Finance,Male,Financial Analyst,3,14407.7,0,2,14,21,13,2011-10-11,,2026-09-01
100596,37,1,27,Finance,Female,Financial Analyst,4,12883.54,0,3,9,17,3,2017-02-10,2026-02-05,2026-09-01
100597,49,0,26,Customer Support,Female,Support Lead,4,5518.99,0,1,8,6,8,2018-05-25,,2026-09-01
100598,64,1,35,Customer Support,Male,Support Lead,2,6163.7,0,5,10,17,7,2016-05-09,2025-09-20,2026-09-01
100599,63,1,12,Customer Support,Male,Customer Success Manager,5,11953.57,0,5,9,22,8,2017-03-02,2026-01-23,2026-09-01
100600,42,0,14,Customer Support,Female,Support Lead,5,9292.89,1,1,7,21,3,2018-11-30,,2026-09-01
100601,43,0,7,Sales,Male,Account Executive,1,11349.84,0,4,13,1,0,2012-10-25,,2026-09-01
100602,30,0,18,Customer Support,Male,Support Specialist,5,9280.77,0,3,2,16,2,2023-09-28,,2026-09-01
100603,26,0,34,Finance,Male,Accountant,4,9043.59,0,4,8,20,7,2018-02-24,,2026-09-01
100604,39,0,16,HR,Female,HR Manager,2,8764.14,1,1,14,16,11,2011-12-15,,2026-09-01
100605,21,0,21,Customer Support,Male,Customer Success Manager,5,13271.85,0,2,16,16,6,2010-03-22,,2026-09-01
100606,32,1,28,Finance,Female,Financial Analyst,1,6356.6,0,5,2,6,0,2024-01-18,2025-10-05,2026-09-01
100607,33,0,15,HR,Female,Recruiter,1,4959.33,0,3,1,1,0,2024-09-08,,2026-09-01
100608,41,0,19,HR,Female,HR Specialist,5,12899.57,0,3,11,23,5,2015-05-01,,2026-09-01
100609,39,0,29,Engineering,Female,BI Developer,3,8397.34,0,2,5,5,0,2020-09-04,,2026-09-01
100610,27,0,33,Operations,Female,Operations Manager,1,8881.45,0,4,8,10,0,2018-04-02,,2026-09-01
100611,23,0,31,Operations,Female,Operations Analyst,3,9459.86,0,4,17,4,16,2009-02-08,,2026-09-01
100612,42,0,36,Sales,Male,Sales Representative,4,4518.59,0,1,4,22,3,2021-12-16,,2026-09-01
100613,41,1,16,Operations,Male,Operations Analyst,4,7451.39,1,3,13,24,2,2013-04-11,2026-06-14,2026-09-01
100614,38,0,27,Operations,Female,Operations Manager,5,3755.38,0,3,13,24,13,2013-05-12,,2026-09-01
100615,50,0,14,Finance,Female,Finance Manager,4,6047.58,1,1,2,7,0,2024-07-16,,2026-09-01
100616,54,0,6,Operations,Male,Coordinator,4,13783.24,0,3,9,24,4,2016-10-07,,2026-09-01
100617,61,0,8,Sales,Male,Sales Manager,3,6654.43,0,3,14,9,0,2011-09-22,,2026-09-01
100618,31,0,39,Sales,Male,Sales Manager,3,12441.01,0,5,11,17,8,2015-03-16,,2026-09-01
100619,51,0,2,Engineering,Male,QA Engineer,3,10002.39,0,3,8,14,3,2017-12-10,,2026-09-01
100620,27,0,24,Engineering,Female,Data Analyst,2,5904.88,0,2,14,6,5,2012-06-12,,2026-09-01
100621,54,0,20,Finance,Female,Financial Analyst,5,13296.66,1,4,0,21,0,2026-02-01,,2026-09-01
100622,53,0,5,Customer Support,Male,Support Lead,3,3914.76,0,5,13,15,7,2012-11-14,,2026-09-01
100623,36,0,1,Sales,Female,Sales Manager,1,11701.51,0,5,5,4,0,2021-01-07,,2026-09-01
100624,63,0,14,Sales,Male,Account Executive,4,10850.53,1,2,2,18,0,2024-04-17,,2026-09-01
100625,37,0,27,Sales,Male,Sales Manager,1,7792.39,1,1,6,8,3,2019-10-30,,2026-09-01
100626,24,1,22,Operations,Female,Operations Analyst,2,12508.31,1,1,8,5,2,2018-05-20,2026-01-05,2026-09-01
100627,57,0,37,HR,Male,HR Specialist,5,9935.52,0,5,6,0,1,2020-02-04,,2026-09-01
100628,63,0,37,Operations,Male,Operations Manager,4,11209.43,0,5,9,23,1,2017-04-23,,2026-09-01
100629,48,0,10,Finance,Male,Financial Analyst,1,13168.92,0,3,2,24,0,2024-04-30,,2026-09-01
100630,27,0,27,Engineering,Male,BI Developer,1,5206.4,1,1,11,16,0,2014-11-25,,2026-09-01
100631,54,1,29,HR,Male,HR Manager,2,14218.49,0,2,8,3,4,2018-07-02,2026-02-05,2026-09-01
100632,60,0,29,Operations,Male,Coordinator,2,9846.02,0,1,5,6,4,2021-05-24,,2026-09-01
100633,40,0,34,Operations,Female,Operations Analyst,4,12939.25,0,5,9,9,5,2016-09-24,,2026-09-01
100634,36,0,28,Engineering,Male,Software Engineer,5,4307.9,0,5,14,13,10,2012-01-05,,2026-09-01
100635,51,0,8,Finance,Female,Financial Analyst,5,9582.71,0,1,16,10,15,2010-08-23,,2026-09-01
100636,56,0,22,Engineering,Male,QA Engineer,4,9079.66,1,2,2,1,1,2023-12-12,,2026-09-01
100637,28,0,13,Operations,Female,Operations Analyst,5,6852.1,1,5,15,17,2,2010-10-31,,2026-09-01
100638,63,0,18,Finance,Female,Financial Analyst,1,11326.96,1,1,19,13,18,2006-11-29,,2026-09-01
100639,26,1,26,Operations,Male,Operations Analyst,1,10995.01,0,5,13,10,13,2013-02-18,2026-06-18,2026-09-01
100640,45,0,26,Sales,Female,Sales Manager,2,9215.67,0,5,18,24,1,2008-03-27,,2026-09-01
100641,55,0,21,Operations,Male,Operations Analyst,2,12871.95,0,2,8,5,5,2017-11-19,,2026-09-01
100642,21,0,4,HR,Male,HR Specialist,3,12855.34,0,4,8,12,0,2017-10-07,,2026-09-01
100643,61,0,18,Finance,Male,Financial Analyst,4,7534.31,0,2,2,7,1,2023-11-22,,2026-09-01
100644,39,0,8,Customer Support,Female,Support Specialist,3,6166.37,0,1,7,3,0,2019-01-25,,2026-09-01
100645,41,0,32,Customer Support,Male,Support Lead,3,13675.15,0,3,11,19,7,2015-03-21,,2026-09-01
100646,50,0,27,Customer Support,Female,Customer Success Manager,5,12810.78,1,3,11,12,8,2015-07-16,,2026-09-01
100647,58,0,39,HR,Male,Recruiter,4,4995.85,0,1,9,12,9,2016-10-04,,2026-09-01
100648,42,0,9,Sales,Female,Sales Manager,1,9275.82,0,1,12,16,7,2014-07-06,,2026-09-01
100649,36,0,32,Customer Support,Female,Customer Success Manager,3,8248.53,0,4,1,19,1,2025-02-05,,2026-09-01
100650,63,1,33,HR,Male,HR Specialist,3,13743.78,1,4,16,22,13,2009-10-30,2025-11-04,2026-09-01
100651,58,0,11,Operations,Female,Operations Manager,5,11660.0,1,1,13,18,1,2012-12-27,,2026-09-01
100652,29,0,23,Engineering,Male,Data Analyst,5,8052.76,0,5,1,19,0,2024-10-24,,2026-09-01
100653,34,0,18,Finance,Female,Accountant,3,11175.08,1,1,3,24,2,2023-02-04,,2026-09-01
100654,49,0,37,Finance,Female,Financial Analyst,4,10837.59,0,1,14,8,6,2012-05-14,,2026-09-01
100655,36,1,28,Finance,Male,Financial Analyst,3,7227.37,1,4,8,0,1,2018-08-20,2026-04-13,2026-09-01
100656,63,0,4,HR,Female,HR Manager,1,3232.9,0,1,11,9,3,2015-05-15,,2026-09-01
100657,32,1,37,HR,Female,HR Manager,4,6206.04,0,3,17,8,17,2009-05-31,2026-06-04,2026-09-01
100658,34,0,25,Operations,Male,Operations Analyst,3,13124.25,0,3,0,18,0,2026-02-05,,2026-09-01
100659,36,0,1,Customer Support,Male,Support Lead,2,13492.31,1,2,0,14,0,2026-08-19,,2026-09-01
100660,35,1,34,HR,Female,HR Manager,2,4949.72,0,1,18,7,3,2008-06-22,2025-09-04,2026-09-01
100661,52,0,17,Engineering,Male,QA Engineer,4,8090.27,0,4,0,18,0,2025-09-21,,2026-09-01
100662,42,0,27,Finance,Female,Finance Manager,4,8646.44,1,1,14,16,14,2011-12-11,,2026-09-01
100663,49,0,39,HR,Female,Recruiter,1,14135.46,0,4,17,22,9,2008-11-12,,2026-09-01
100664,30,0,39,Sales,Male,Account Executive,4,11339.77,1,2,9,10,4,2016-12-23,,2026-09-01
100665,29,0,28,Operations,Male,Coordinator,5,4584.04,0,3,6,0,5,2019-09-06,,2026-09-01
100666,38,1,26,Sales,Male,Sales Representative,2,13570.67,0,1,6,12,1,2020-01-04,2025-11-28,2026-09-01
100667,52,0,32,Operations,Male,Operations Manager,5,4071.73,0,3,2,0,2,2023-12-06,,2026-09-01
100668,63,0,9,Customer Support,Female,Customer Success Manager,5,11528.82,0,2,14,22,2,2012-01-02,,2026-09-01
100669,26,0,24,HR,Male,HR Manager,5,8658.06,1,3,13,20,10,2012-09-19,,2026-09-01
100670,48,1,36,Sales,Female,Account Executive,2,6869.17,1,5,13,3,9,2013-06-12,2025-10-13,2026-09-01
100671,45,1,26,Sales,Female,Account Executive,3,4477.5,1,1,16,15,6,2010-02-16,2026-02-17,2026-09-01
100672,35,0,19,HR,Female,HR Manager,2,13087.36,0,1,7,8,2,2019-07-26,,2026-09-01
100673,59,0,40,Finance,Female,Finance Manager,1,10111.71,0,1,1,16,1,2025-08-10,,2026-09-01
100674,33,0,26,Engineering,Male,BI Developer,4,14184.2,1,4,10,16,7,2015-09-03,,2026-09-01
100675,59,0,31,Engineering,Male,Software Engineer,4,8549.81,0,2,9,24,1,2016-10-08,,2026-09-01
100676,44,0,27,Operations,Male,Operations Manager,2,5111.11,0,1,4,0,2,2022-01-23,,2026-09-01
100677,37,0,26,Finance,Male,Accountant,5,8222.62,0,1,3,21,1,2023-07-08,,2026-09-01
100678,47,0,5,Customer Support,Male,Support Specialist,2,14092.25,0,2,17,15,9,2009-04-27,,2026-09-01
100679,21,0,33,HR,Male,HR Specialist,1,3805.42,0,1,0,4,0,2026-01-06,,2026-09-01
100680,28,0,1,Engineering,Male,Software Engineer,4,11362.82,0,1,16,0,0,2010-07-08,,2026-09-01
100681,39,0,9,Finance,Female,Financial Analyst,1,8062.58,0,1,10,16,3,2016-08-31,,2026-09-01
100682,24,1,37,Engineering,Male,Data Analyst,2,9150.52,0,4,16,5,15,2010-03-08,2026-06-28,2026-09-01
100683,32,0,28,Engineering,Male,Data Analyst,5,5548.63,1,2,16,11,13,2010-06-05,,2026-09-01
100684,65,0,21,Engineering,Male,BI Developer,2,12054.5,1,4,2,22,0,2024-03-05,,2026-09-01
100685,37,0,30,Operations,Male,Operations Manager,3,8340.94,0,3,12,15,2,2013-10-06,,2026-09-01
100686,24,0,21,Engineering,Male,BI Developer,2,4058.73,0,1,15,12,9,2010-10-01,,2026-09-01
100687,64,0,17,Operations,Male,Operations Analyst,5,8773.7,0,5,3,15,3,2022-10-15,,2026-09-01
100688,62,0,17,Operations,Male,Coordinator,3,7299.27,0,1,12,18,12,2013-10-24,,2026-09-01
100689,43,0,11,Sales,Male,Account Executive,1,13312.02,0,5,1,15,1,2025-03-08,,2026-09-01
100690,63,0,17,Operations,Female,Operations Analyst,3,3407.71,0,1,15,17,0,2010-12-01,,2026-09-01
100691,25,0,36,Customer Support,Female,Support Lead,3,14168.55,0,1,10,6,9,2016-07-05,,2026-09-01
100692,41,0,18,Operations,Male,Operations Analyst,3,6643.8,0,4,18,9,7,2008-08-12,,2026-09-01
100693,24,0,3,Sales,Male,Account Executive,2,10700.2,0,2,14,0,2,2011-12-04,,2026-09-01
100694,23,0,19,Finance,Female,Financial Analyst,5,3261.51,0,5,2,3,0,2023-11-14,,2026-09-01
100695,23,0,23,Engineering,Female,Data Analyst,4,10554.36,0,5,20,8,2,2006-01-12,,2026-09-01
100696,23,1,19,Engineering,Female,Software Engineer,1,12754.73,0,3,0,13,0,2026-01-01,2025-09-13,2026-09-01
100697,32,1,39,Customer Support,Male,Support Specialist,1,6492.99,0,1,18,15,13,2007-09-10,2026-07-11,2026-09-01
100698,51,0,34,Sales,Female,Account Executive,1,8165.96,0,5,12,0,1,2014-02-27,,2026-09-01
100699,27,0,23,Finance,Male,Financial Analyst,4,12930.58,0,1,12,4,0,2014-02-25,,2026-09-01
100700,25,1,5,Operations,Male,Operations Manager,2,5745.21,0,2,0,0,0,2026-05-04,2025-11-29,2026-09-01
100701,46,0,31,HR,Male,HR Specialist,4,9406.73,1,1,17,2,8,2009-07-02,,2026-09-01
100702,23,0,24,Sales,Female,Sales Manager,1,10437.46,0,5,1,18,0,2025-01-03,,2026-09-01
100703,41,0,37,Engineering,Male,QA Engineer,1,6504.29,1,3,6,13,3,2020-06-22,,2026-09-01
100704,37,1,30,HR,Female,Recruiter,4,11154.48,1,2,5,23,3,2021-02-18,2026-01-21,2026-09-01
100705,53,0,22,HR,Female,HR Specialist,2,12483.35,0,5,12,6,0,2014-08-29,,2026-09-01
100706,44,0,38,Operations,Male,Coordinator,4,3625.98,0,4,7,23,5,2019-08-01,,2026-09-01
100707,48,0,33,Customer Support,Male,Customer Success Manager,3,7656.05,0,1,10,16,8,2015-10-02,,2026-09-01
100708,53,0,6,Sales,Female,Account Executive,1,12691.98,1,2,0,16,0,2026-02-10,,2026-09-01
100709,28,0,5,Customer Support,Female,Support Specialist,3,5196.51,0,1,2,14,1,2024-08-08,,2026-09-01
100710,27,1,25,Customer Support,Female,Support Specialist,3,3641.59,0,4,13,16,4,2013-01-10,2025-09-21,2026-09-01
100711,23,0,22,HR,Male,HR Specialist,2,7413.5,0,2,2,17,0,2024-07-31,,2026-09-01
100712,54,0,5,HR,Female,HR Specialist,3,3695.47,0,5,13,22,10,2013-06-27,,2026-09-01
100713,54,1,22,HR,Female,HR Specialist,1,9014.65,0,1,4,19,1,2021-10-20,2026-03-07,2026-09-01
100714,63,1,1,Finance,Female,Accountant,1,5345.34,0,5,12,8,10,2014-04-19,2026-01-28,2026-09-01
100715,37,0,25,HR,Male,HR Specialist,3,10463.66,0,5,8,14,7,2017-12-14,,2026-09-01
100716,30,0,5,Operations,Female,Operations Manager,5,6215.96,1,3,0,6,0,2026-03-29,,2026-09-01
100717,50,1,11,Finance,Female,Financial Analyst,3,6722.25,0,1,6,9,3,2019-09-30,2026-04-07,2026-09-01
100718,35,0,26,Operations,Female,Coordinator,4,6190.54,1,5,0,4,0,2026-01-10,,2026-09-01
100719,39,0,4,Customer Support,Male,Customer Success Manager,3,3379.15,0,5,14,13,6,2012-07-10,,2026-09-01
100720,57,0,2,Sales,Male,Sales Representative,5,10429.46,0,4,5,18,0,2021-01-27,,2026-09-01
100721,60,0,11,HR,Male,Recruiter,1,13750.57,0,4,5,10,0,2021-07-16,,2026-09-01
100722,41,0,8,Customer Support,Male,Support Specialist,4,5052.43,1,3,18,17,8,2008-08-05,,2026-09-01
100723,22,1,12,Operations,Male,Operations Analyst,1,12413.51,1,1,9,9,5,2016-12-27,2026-08-14,2026-09-01
100724,28,1,7,Sales,Male,Sales Representative,1,9164.52,1,3,12,24,12,2014-05-06,2025-10-18,2026-09-01
100725,21,0,35,HR,Male,Recruiter,2,7053.84,1,3,15,12,12,2011-08-28,,2026-09-01
100726,64,0,7,Operations,Male,Operations Analyst,3,12832.46,0,5,14,0,10,2012-07-24,,2026-09-01
100727,62,0,35,Engineering,Female,QA Engineer,4,13786.44,0,4,2,22,1,2023-09-21,,2026-09-01
100728,62,0,12,HR,Female,HR Specialist,5,4409.0,1,2,12,11,10,2014-03-11,,2026-09-01
100729,38,0,31,Engineering,Male,BI Developer,5,9829.1,0,5,0,10,0,2026-01-28,,2026-09-01
100730,54,0,35,Sales,Male,Account Executive,4,13868.27,0,1,6,3,0,2020-06-23,,2026-09-01
100731,24,0,1,Sales,Male,Sales Representative,3,10044.4,0,1,5,13,0,2021-02-23,,2026-09-01
100732,63,0,13,HR,Female,HR Manager,3,12990.63,0,5,1,3,0,2025-05-14,,2026-09-01
100733,63,0,13,Operations,Male,Coordinator,1,13165.51,0,2,4,23,3,2022-02-20,,2026-09-01
100734,38,0,9,Operations,Female,Operations Manager,2,12683.05,0,1,3,7,2,2023-04-28,,2026-09-01
100735,42,0,6,Customer Support,Female,Support Specialist,2,8366.7,0,4,3,2,2,2023-01-01,,2026-09-01
100736,57,1,27,Finance,Male,Accountant,3,8189.33,0,4,15,6,12,2010-10-19,2026-08-11,2026-09-01
100737,53,0,23,Finance,Female,Accountant,5,8608.69,0,5,18,23,15,2007-09-29,,2026-09-01
100738,36,0,38,Operations,Female,Coordinator,3,9273.68,0,1,10,16,8,2016-03-02,,2026-09-01
100739,49,0,33,HR,Male,HR Manager,4,14183.04,0,3,19,16,3,2006-09-09,,2026-09-01
100740,60,0,36,Finance,Female,Financial Analyst,5,6862.73,1,1,0,22,0,2026-04-13,,2026-09-01
100741,26,0,23,HR,Male,HR Specialist,2,10520.39,0,1,14,16,7,2011-11-27,,2026-09-01
100742,30,0,2,Operations,Male,Operations Manager,4,5136.8,0,3,18,5,15,2008-03-29,,2026-09-01
100743,27,0,24,Customer Support,Male,Customer Success Manager,4,14295.53,1,4,3,4,2,2023-01-24,,2026-09-01
100744,39,0,30,HR,Female,Recruiter,3,13436.1,0,5,4,16,0,2022-01-23,,2026-09-01
100745,35,0,35,Sales,Male,Account Executive,3,8253.52,0,2,4,12,4,2022-01-24,,2026-09-01
100746,61,0,11,HR,Female,HR Manager,2,9526.37,1,3,20,15,18,2006-02-10,,2026-09-01
100747,50,0,11,Sales,Female,Account Executive,5,14398.94,0,4,17,15,12,2008-09-05,,2026-09-01
100748,34,0,13,Finance,Male,Accountant,4,5699.99,0,2,3,5,2,2023-01-04,,2026-09-01
100749,30,0,10,HR,Female,Recruiter,5,8334.97,1,2,2,4,0,2024-04-07,,2026-09-01
100750,64,1,29,Customer Support,Female,Customer Success Manager,1,12176.54,0,2,17,23,14,2009-01-02,2026-08-20,2026-09-01
100751,46,1,37,Engineering,Male,Software Engineer,3,8529.18,1,1,14,18,8,2012-07-31,2025-10-17,2026-09-01
100752,26,1,5,HR,Female,HR Specialist,1,6903.81,1,4,7,19,3,2019-02-18,2025-12-24,2026-09-01
100753,22,0,16,HR,Female,HR Specialist,1,5565.34,0,3,6,1,0,2020-07-15,,2026-09-01
100754,54,0,15,Engineering,Male,Data Analyst,2,8692.45,0,1,14,8,1,2011-12-11,,2026-09-01
100755,53,0,16,Operations,Female,Coordinator,4,5908.71,0,4,5,5,1,2021-06-20,,2026-09-01
100756,21,1,26,Finance,Male,Accountant,2,11821.82,0,3,19,3,6,2007-01-10,2025-10-23,2026-09-01
100757,46,0,14,Operations,Female,Operations Manager,2,6648.92,1,1,20,13,3,2005-10-31,,2026-09-01
100758,39,0,25,Engineering,Male,QA Engineer,2,14379.55,0,1,15,3,8,2010-10-27,,2026-09-01
100759,46,0,34,HR,Female,HR Manager,1,9608.55,0,5,3,19,3,2022-10-30,,2026-09-01
100760,29,0,10,Operations,Male,Operations Analyst,1,11208.09,0,3,9,23,8,2017-02-06,,2026-09-01
100761,52,0,35,HR,Female,HR Manager,2,13030.2,0,3,18,20,18,2008-03-06,,2026-09-01
100762,37,0,39,Engineering,Male,Software Engineer,3,4422.31,1,1,14,3,11,2012-01-24,,2026-09-01
100763,26,0,33,Finance,Female,Finance Manager,3,4715.55,0,1,0,10,0,2026-08-25,,2026-09-01
100764,27,0,10,Sales,Female,Account Executive,4,4727.57,0,2,16,16,15,2009-12-23,,2026-09-01
100765,52,0,33,HR,Female,HR Manager,2,4453.4,0,2,5,13,0,2021-07-29,,2026-09-01
100766,59,0,20,Engineering,Male,Data Analyst,5,13348.8,1,4,9,15,2,2017-04-27,,2026-09-01
100767,54,0,35,HR,Male,Recruiter,1,5101.34,0,3,6,14,5,2019-09-03,,2026-09-01
100768,49,0,5,HR,Male,HR Manager,4,3755.42,0,2,20,17,1,2006-07-05,,2026-09-01
100769,57,0,23,HR,Male,HR Manager,4,12273.97,1,2,4,19,3,2021-11-15,,2026-09-01
100770,27,0,31,Engineering,Male,QA Engineer,3,11769.96,0,4,7,18,6,2019-04-27,,2026-09-01
100771,61,0,14,Operations,Female,Operations Analyst,3,3987.0,0,1,6,3,1,2020-03-04,,2026-09-01
100772,65,1,7,Engineering,Female,Software Engineer,3,6921.97,0,3,0,11,0,2025-12-11,2025-11-07,2026-09-01
100773,41,0,36,Operations,Male,Coordinator,4,4254.27,0,4,9,11,9,2017-08-13,,2026-09-01
100774,61,0,9,Customer Support,Male,Support Lead,5,3655.73,0,3,12,18,2,2013-09-08,,2026-09-01
100775,46,0,18,Finance,Female,Accountant,3,7671.92,0,1,12,11,10,2013-10-23,,2026-09-01
100776,57,0,16,Customer Support,Male,Support Specialist,4,9512.43,1,5,20,13,20,2005-09-28,,2026-09-01
100777,24,0,21,HR,Female,HR Manager,1,9706.37,0,5,7,15,6,2019-08-16,,2026-09-01
100778,54,0,14,Customer Support,Female,Customer Success Manager,3,12625.77,0,1,11,11,5,2014-10-28,,2026-09-01
100779,26,0,6,HR,Female,HR Specialist,5,9043.47,1,1,15,16,13,2011-06-14,,2026-09-01
100780,51,0,30,Engineering,Female,Software Engineer,2,5129.59,0,3,14,6,7,2012-05-26,,2026-09-01
100781,43,0,30,HR,Female,HR Manager,4,10780.34,1,5,11,24,11,2015-03-09,,2026-09-01
100782,44,1,36,HR,Female,Recruiter,3,12106.21,1,3,18,23,15,2008-06-11,2026-03-15,2026-09-01
100783,46,0,29,HR,Female,HR Specialist,4,12813.8,0,2,13,22,11,2013-01-14,,2026-09-01
100784,64,0,23,Operations,Female,Coordinator,3,4708.73,0,4,14,7,10,2012-07-29,,2026-09-01
100785,52,1,36,HR,Female,Recruiter,3,11087.08,0,1,14,12,14,2012-05-02,2026-08-24,2026-09-01
100786,65,0,27,Operations,Male,Operations Manager,4,7877.36,0,5,2,12,0,2024-01-18,,2026-09-01
100787,53,1,8,HR,Female,Recruiter,1,12078.03,0,1,13,18,6,2013-04-13,2026-07-07,2026-09-01
100788,55,0,8,Engineering,Female,Data Analyst,5,14072.7,1,1,0,21,0,2026-04-11,,2026-09-01
100789,59,0,6,HR,Male,Recruiter,1,3454.81,0,4,14,12,7,2011-10-02,,2026-09-01
100790,53,0,29,Sales,Male,Sales Manager,5,6001.64,1,4,20,12,11,2005-11-03,,2026-09-01
100791,34,1,40,HR,Female,HR Specialist,1,8495.76,1,3,11,0,3,2015-03-22,2025-09-22,2026-09-01
100792,21,0,15,Engineering,Male,BI Developer,2,10715.86,0,5,8,16,4,2017-12-17,,2026-09-01
100793,41,0,11,HR,Female,HR Specialist,2,3746.87,0,5,18,24,17,2008-03-08,,2026-09-01
100794,32,0,6,HR,Male,HR Specialist,2,8709.67,0,3,20,3,20,2006-07-27,,2026-09-01
100795,35,0,37,Engineering,Female,BI Developer,1,4919.57,0,4,20,20,19,2006-07-21,,2026-09-01
100796,58,0,7,Operations,Female,Operations Analyst,4,9004.06,1,4,10,11,10,2016-01-14,,2026-09-01
100797,64,0,4,Customer Support,Male,Support Lead,3,6104.01,0,4,15,8,4,2011-08-18,,2026-09-01
100798,27,0,5,Finance,Male,Finance Manager,5,8264.22,0,1,20,21,3,2005-12-16,,2026-09-01
100799,41,0,18,Finance,Male,Accountant,4,7092.92,0,2,5,17,2,2020-11-07,,2026-09-01
100800,43,0,5,Engineering,Female,Software Engineer,3,12775.11,0,4,1,23,0,2025-05-20,,2026-09-01
100801,57,1,17,Finance,Male,Finance Manager,1,10605.83,0,2,0,22,0,2026-08-24,2025-10-08,2026-09-01
100802,42,0,10,Engineering,Male,QA Engineer,4,7376.97,0,5,14,0,1,2012-05-20,,2026-09-01
100803,32,0,1,Customer Support,Male,Support Lead,4,5234.0,0,3,14,17,3,2012-03-12,,2026-09-01
100804,46,1,22,HR,Female,HR Specialist,5,3593.23,0,3,6,10,2,2019-12-02,2026-04-11,2026-09-01
100805,44,1,37,Sales,Male,Sales Representative,4,6194.89,0,2,12,23,4,2014-01-21,2026-08-31,2026-09-01
100806,31,0,14,Sales,Female,Account Executive,2,7397.54,0,4,11,22,9,2015-02-28,,2026-09-01
100807,39,1,8,Sales,Female,Sales Representative,2,3347.76,0,2,5,13,2,2020-12-01,2025-12-09,2026-09-01
100808,22,0,16,Operations,Female,Coordinator,2,9911.53,0,3,2,4,2,2024-04-20,,2026-09-01
100809,35,0,28,Finance,Male,Finance Manager,3,6766.89,0,5,16,6,1,2009-10-31,,2026-09-01
100810,22,0,17,Engineering,Female,QA Engineer,2,14080.44,0,4,9,11,2,2016-09-25,,2026-09-01
100811,58,0,37,Sales,Male,Sales Manager,5,11607.76,0,3,0,7,0,2026-01-31,,2026-09-01
100812,55,1,28,Operations,Male,Operations Manager,5,13377.53,1,5,9,1,0,2017-07-31,2026-03-13,2026-09-01
100813,44,0,27,Finance,Male,Financial Analyst,2,6048.39,0,1,10,6,1,2016-08-20,,2026-09-01
100814,48,0,15,HR,Female,HR Specialist,2,11495.03,0,1,2,19,2,2024-08-10,,2026-09-01
100815,64,1,28,Finance,Female,Accountant,3,7282.31,0,1,4,21,4,2021-10-03,2026-03-26,2026-09-01
100816,63,0,37,Operations,Male,Operations Manager,5,6149.62,0,5,20,6,11,2005-12-19,,2026-09-01
100817,25,0,40,HR,Female,Recruiter,4,7169.06,1,4,8,20,2,2018-03-12,,2026-09-01
100818,55,0,32,HR,Male,Recruiter,2,13322.68,0,2,20,19,19,2006-01-18,,2026-09-01
100819,38,1,29,Operations,Male,Coordinator,5,11828.85,0,4,0,6,0,2026-07-06,2026-05-14,2026-09-01
100820,34,0,34,Operations,Male,Operations Manager,4,10732.73,0,3,4,13,3,2021-11-10,,2026-09-01
100821,56,0,3,Operations,Female,Operations Analyst,5,10288.68,0,2,6,15,2,2020-03-26,,2026-09-01
100822,32,0,18,Customer Support,Female,Support Specialist,5,3673.25,0,5,5,7,5,2020-10-19,,2026-09-01
100823,54,1,25,Operations,Female,Operations Analyst,2,3415.19,1,3,3,9,1,2023-04-30,2026-07-31,2026-09-01
100824,42,0,17,Sales,Male,Account Executive,1,13599.08,0,5,12,18,11,2014-03-03,,2026-09-01
100825,46,0,11,Finance,Female,Accountant,5,7923.39,0,5,7,22,1,2019-07-18,,2026-09-01
100826,25,1,11,Operations,Female,Coordinator,3,12165.83,1,5,6,13,0,2019-10-07,2025-09-21,2026-09-01
100827,35,1,38,Engineering,Male,Data Analyst,4,8045.88,0,4,15,1,10,2011-07-20,2026-07-31,2026-09-01
100828,61,0,33,Operations,Male,Operations Analyst,5,13859.94,0,5,7,3,3,2018-10-03,,2026-09-01
100829,50,0,38,Finance,Female,Accountant,2,8037.79,0,2,7,7,5,2019-04-15,,2026-09-01
100830,33,0,25,HR,Female,HR Specialist,3,10151.93,1,3,18,16,13,2008-01-06,,2026-09-01
100831,32,0,39,Customer Support,Male,Customer Success Manager,2,4412.5,0,2,12,19,7,2013-09-11,,2026-09-01
100832,64,0,35,Engineering,Female,Data Analyst,5,12962.47,1,5,14,19,0,2012-01-18,,2026-09-01
100833,58,0,34,Sales,Female,Sales Representative,2,9550.39,0,2,4,22,3,2022-06-26,,2026-09-01
100834,45,0,38,Engineering,Male,BI Developer,3,9409.23,0,1,16,21,0,2010-04-18,,2026-09-01
100835,33,1,9,Operations,Female,Operations Manager,1,11942.22,0,4,6,13,2,2020-03-13,2025-10-30,2026-09-01
100836,21,0,4,Engineering,Male,BI Developer,4,6545.54,0,5,18,12,16,2008-06-30,,2026-09-01
100837,35,0,15,Sales,Female,Account Executive,2,9518.8,0,1,11,19,8,2015-07-03,,2026-09-01
100838,34,0,19,Engineering,Female,Data Analyst,1,13533.37,0,3,16,5,0,2010-07-07,,2026-09-01
100839,39,0,4,Sales,Male,Sales Representative,4,4344.3,1,2,18,3,5,2008-06-07,,2026-09-01
100840,46,0,20,HR,Female,HR Manager,2,11331.01,0,1,18,21,12,2007-12-12,,2026-09-01
100841,42,0,9,Customer Support,Male,Support Specialist,3,8735.06,0,4,17,3,1,2009-02-20,,2026-09-01
100842,34,1,15,Finance,Female,Accountant,1,7242.97,1,3,7,6,6,2019-05-06,2026-02-21,2026-09-01
100843,26,0,9,Operations,Female,Coordinator,2,6208.44,0,3,1,21,0,2025-04-14,,2026-09-01
100844,35,0,23,Sales,Female,Sales Representative,5,6937.96,1,2,0,12,0,2026-04-14,,2026-09-01
100845,52,0,24,Customer Support,Male,Support Specialist,4,4002.58,0,5,18,24,3,2008-08-12,,2026-09-01
100846,55,0,23,Operations,Male,Coordinator,2,13714.98,1,5,6,24,4,2019-11-09,,2026-09-01
100847,23,0,27,HR,Male,HR Manager,4,14341.7,1,4,15,14,1,2010-10-16,,2026-09-01
100848,65,0,13,Engineering,Female,BI Developer,3,7898.38,0,4,0,16,0,2026-03-20,,2026-09-01
100849,30,0,26,Operations,Male,Coordinator,2,12164.27,0,4,13,9,9,2013-05-28,,2026-09-01
100850,44,0,37,Sales,Female,Account Executive,5,12625.73,1,2,5,11,1,2021-05-30,,2026-09-01
100851,64,1,5,Operations,Male,Operations Analyst,1,10652.24,0,1,10,5,1,2016-04-30,2026-02-07,2026-09-01
100852,55,0,8,Engineering,Female,QA Engineer,1,4692.35,0,5,9,23,0,2017-05-18,,2026-09-01
100853,35,0,13,HR,Male,Recruiter,3,8051.35,0,2,18,16,1,2008-04-19,,2026-09-01
100854,25,1,1,Finance,Male,Financial Analyst,1,12598.87,0,4,8,9,8,2017-10-04,2026-03-30,2026-09-01
100855,23,0,31,Operations,Female,Operations Manager,4,9972.02,0,3,13,16,4,2013-06-20,,2026-09-01
100856,39,0,10,Customer Support,Female,Support Lead,1,12196.9,0,3,2,10,1,2023-10-13,,2026-09-01
100857,65,0,35,Customer Support,Male,Support Lead,4,9212.93,0,3,11,18,10,2015-02-24,,2026-09-01
100858,61,0,3,Operations,Female,Coordinator,4,13685.66,0,2,9,23,7,2016-12-17,,2026-09-01
100859,41,0,13,Operations,Female,Coordinator,3,9002.53,0,2,11,13,4,2015-01-05,,2026-09-01
100860,51,0,29,Finance,Female,Finance Manager,3,11758.64,0,3,14,24,7,2012-05-01,,2026-09-01
100861,23,0,16,HR,Male,HR Manager,1,3705.69,0,5,9,4,9,2017-05-05,,2026-09-01
100862,36,0,4,HR,Female,HR Manager,4,10484.8,0,4,13,5,12,2012-09-10,,2026-09-01
100863,30,0,29,Customer Support,Male,Support Specialist,4,12469.31,0,4,8,17,1,2018-07-28,,2026-09-01
100864,25,0,3,Customer Support,Male,Support Specialist,4,4312.99,0,5,5,7,4,2021-01-15,,2026-09-01
100865,32,0,4,Sales,Female,Sales Manager,5,7153.44,1,1,16,9,10,2009-12-13,,2026-09-01
100866,47,0,27,Finance,Male,Financial Analyst,2,14377.8,0,1,19,15,5,2007-04-09,,2026-09-01
100867,60,0,33,Customer Support,Female,Support Lead,3,9190.31,0,5,14,4,12,2012-05-14,,2026-09-01
100868,26,0,29,Customer Support,Male,Support Lead,3,12730.73,1,2,13,15,10,2013-04-23,,2026-09-01
100869,36,0,40,Engineering,Male,Software Engineer,1,6540.31,1,1,18,11,7,2008-01-28,,2026-09-01
100870,39,1,24,Finance,Male,Finance Manager,4,3984.17,1,2,5,13,4,2020-09-26,2026-05-28,2026-09-01
100871,60,0,8,Sales,Female,Sales Representative,2,9574.63,0,3,12,17,12,2014-02-10,,2026-09-01
100872,29,0,7,Finance,Female,Finance Manager,2,3731.54,1,3,6,12,1,2019-10-17,,2026-09-01
100873,57,0,27,HR,Male,Recruiter,1,4658.12,0,3,6,9,2,2019-12-28,,2026-09-01
100874,30,0,21,Engineering,Female,BI Developer,4,5446.76,0,1,16,21,16,2009-09-17,,2026-09-01
100875,33,1,16,HR,Female,HR Specialist,5,3292.05,0,2,2,16,0,2023-12-19,2025-10-20,2026-09-01
100876,40,0,39,HR,Male,Recruiter,3,11122.89,0,1,1,15,0,2025-02-04,,2026-09-01
100877,26,0,14,Operations,Female,Operations Manager,4,3361.33,0,2,1,17,0,2025-02-23,,2026-09-01
100878,42,0,10,Operations,Male,Operations Manager,1,12524.68,0,1,15,17,9,2011-06-03,,2026-09-01
100879,24,0,30,Engineering,Male,QA Engineer,3,11353.81,0,5,3,22,3,2023-08-24,,2026-09-01
100880,58,0,5,Customer Support,Male,Support Specialist,3,4079.58,0,2,10,14,2,2016-02-07,,2026-09-01
100881,55,0,7,Engineering,Male,Software Engineer,4,4326.91,0,4,14,23,14,2012-01-08,,2026-09-01
100882,25,1,38,Operations,Female,Coordinator,2,4037.43,0,5,16,17,15,2009-11-11,2026-02-04,2026-09-01
100883,35,0,1,Customer Support,Female,Support Lead,3,5011.49,0,5,6,15,6,2020-06-16,,2026-09-01
100884,31,1,29,Engineering,Male,Software Engineer,2,9182.62,0,2,19,12,11,2007-08-23,2026-06-02,2026-09-01
100885,48,0,28,HR,Female,Recruiter,2,14374.3,1,2,12,19,12,2014-02-10,,2026-09-01
100886,31,0,9,Engineering,Female,BI Developer,3,3982.3,0,4,8,11,1,2018-06-16,,2026-09-01
100887,62,0,19,Customer Support,Male,Support Lead,1,13892.79,1,2,11,4,0,2014-11-10,,2026-09-01
100888,41,0,8,Sales,Male,Account Executive,1,11004.92,0,3,14,11,9,2012-02-03,,2026-09-01
100889,35,0,2,Operations,Male,Operations Analyst,1,3780.08,0,2,17,17,14,2009-08-22,,2026-09-01
100890,41,0,3,Finance,Male,Accountant,1,3360.48,0,2,15,21,11,2011-04-21,,2026-09-01
100891,44,0,10,Operations,Male,Operations Manager,2,4644.7,1,1,7,5,4,2019-05-16,,2026-09-01
100892,30,1,12,Sales,Male,Account Executive,1,9075.98,1,2,10,6,8,2016-04-14,2025-10-30,2026-09-01
100893,59,0,24,Finance,Male,Accountant,5,13408.51,0,1,7,1,0,2019-07-19,,2026-09-01
100894,44,0,30,Customer Support,Male,Support Lead,3,7603.13,1,3,6,2,2,2019-11-30,,2026-09-01
100895,24,1,37,Engineering,Male,BI Developer,2,4394.69,0,2,12,2,4,2013-12-01,2026-02-08,2026-09-01
100896,55,0,10,Finance,Female,Accountant,2,4693.43,0,5,16,22,2,2009-11-10,,2026-09-01
100897,57,0,10,HR,Male,HR Specialist,5,13616.22,0,5,0,6,0,2026-06-18,,2026-09-01
100898,29,0,3,Customer Support,Female,Support Specialist,1,9982.86,0,2,9,12,0,2017-07-28,,2026-09-01
100899,26,0,13,Finance,Female,Finance Manager,3,5007.02,0,2,12,14,11,2014-06-11,,2026-09-01
100900,51,0,4,Operations,Male,Operations Manager,1,13533.18,0,3,12,17,2,2013-09-30,,2026-09-01
100901,34,0,14,Engineering,Male,BI Developer,5,5538.15,1,4,2,3,2,2023-11-01,,2026-09-01
100902,31,0,16,Engineering,Female,BI Developer,4,8295.21,0,5,13,13,1,2013-06-08,,2026-09-01
100903,33,0,6,Customer Support,Female,Support Lead,5,11493.02,0,1,17,10,11,2008-09-10,,2026-09-01
100904,25,0,5,Sales,Male,Sales Manager,2,7006.06,0,2,7,5,7,2019-05-15,,2026-09-01
100905,64,0,18,Finance,Female,Finance Manager,3,3407.42,0,4,4,11,3,2021-12-01,,2026-09-01
100906,34,0,7,Sales,Male,Sales Manager,4,7100.53,0,3,12,11,2,2013-09-06,,2026-09-01
100907,21,0,9,Finance,Female,Accountant,1,13813.64,0,1,16,11,8,2009-12-04,,2026-09-01
100908,52,0,20,Finance,Female,Finance Manager,3,8588.27,1,2,5,24,4,2021-03-05,,2026-09-01
100909,59,0,17,Sales,Male,Sales Manager,5,7638.48,0,5,20,24,17,2005-09-11,,2026-09-01
100910,28,0,9,HR,Male,HR Manager,4,9046.63,0,5,0,8,0,2025-12-03,,2026-09-01
100911,25,0,1,Operations,Female,Operations Analyst,1,5460.1,0,1,2,3,0,2024-03-22,,2026-09-01
100912,24,1,36,Sales,Male,Account Executive,2,6045.94,1,2,17,4,6,2009-07-21,2026-06-26,2026-09-01
100913,56,0,29,Operations,Male,Operations Manager,2,12950.35,0,3,14,19,2,2012-05-29,,2026-09-01
100914,21,0,15,Engineering,Male,QA Engineer,4,5037.01,1,5,15,3,13,2011-07-08,,2026-09-01
100915,52,1,15,Engineering,Female,Data Analyst,2,7818.77,1,4,15,0,4,2011-07-13,2026-04-26,2026-09-01
100916,48,0,26,Finance,Female,Financial Analyst,5,11515.69,1,5,6,13,1,2019-09-26,,2026-09-01
100917,57,0,26,Customer Support,Male,Support Specialist,1,10474.36,0,5,0,12,0,2025-12-14,,2026-09-01
100918,39,0,22,Sales,Male,Sales Manager,2,6156.36,0,4,5,10,0,2020-11-18,,2026-09-01
100919,54,0,22,Engineering,Male,QA Engineer,5,5654.63,1,5,5,19,4,2021-04-28,,2026-09-01
100920,48,0,16,Sales,Female,Sales Representative,5,11310.69,0,4,17,8,12,2009-06-14,,2026-09-01
100921,32,0,32,Customer Support,Male,Customer Success Manager,3,12747.94,0,4,20,23,16,2006-05-03,,2026-09-01
100922,54,0,17,Finance,Female,Accountant,4,3533.82,0,5,13,20,0,2013-08-11,,2026-09-01
100923,47,0,28,Engineering,Male,Data Analyst,2,14494.41,1,4,2,11,0,2024-08-17,,2026-09-01
100924,43,0,30,Sales,Male,Sales Representative,1,10851.54,1,5,14,13,0,2012-01-28,,2026-09-01
100925,40,0,4,Operations,Male,Operations Analyst,2,8979.23,0,2,14,18,14,2011-10-26,,2026-09-01
100926,30,0,19,Operations,Female,Coordinator,5,12089.34,1,2,4,1,3,2021-11-09,,2026-09-01
100927,22,0,11,Sales,Female,Sales Representative,2,14229.7,1,1,13,4,6,2012-10-12,,2026-09-01
100928,42,0,20,Sales,Male,Account Executive,4,8159.67,1,3,18,14,13,2007-11-27,,2026-09-01
100929,55,0,29,Customer Support,Female,Customer Success Manager,4,12635.77,0,1,16,17,4,2010-07-22,,2026-09-01
100930,57,0,27,Operations,Female,Operations Manager,3,13747.14,0,1,15,18,11,2011-08-19,,2026-09-01
100931,24,0,34,Finance,Male,Accountant,3,10257.95,0,5,16,20,13,2009-11-04,,2026-09-01
100932,28,1,16,Finance,Male,Finance Manager,1,6353.66,0,1,7,16,2,2018-11-16,2026-05-15,2026-09-01
100933,48,0,5,Engineering,Male,Data Analyst,1,11900.91,1,5,18,16,11,2008-05-18,,2026-09-01
100934,28,0,8,Sales,Female,Sales Representative,5,3210.66,1,4,10,24,3,2016-02-28,,2026-09-01
100935,65,0,34,HR,Female,Recruiter,3,6778.9,0,4,15,22,4,2010-10-27,,2026-09-01
100936,36,0,20,HR,Male,HR Specialist,2,13368.39,1,5,19,4,5,2006-12-07,,2026-09-01
100937,59,0,27,Finance,Male,Finance Manager,3,6129.41,1,1,3,14,3,2023-03-24,,2026-09-01
100938,26,1,18,Customer Support,Female,Support Lead,4,11757.44,0,4,13,11,8,2013-06-13,2026-03-05,2026-09-01
100939,37,0,36,Sales,Female,Sales Representative,1,9214.38,0,5,16,22,14,2010-07-15,,2026-09-01
100940,54,0,17,Finance,Female,Finance Manager,5,3603.96,1,3,0,24,0,2026-07-18,,2026-09-01
100941,26,0,2,Engineering,Male,Data Analyst,1,10918.11,0,3,20,14,12,2006-08-06,,2026-09-01
100942,61,0,36,Customer Support,Male,Support Lead,1,3645.81,0,4,6,13,6,2020-02-05,,2026-09-01
100943,28,1,13,HR,Male,Recruiter,5,4004.05,1,2,4,23,0,2022-03-14,2025-11-28,2026-09-01
100944,44,0,21,HR,Female,Recruiter,4,7338.53,0,1,7,24,2,2019-08-05,,2026-09-01
100945,42,0,15,Sales,Male,Sales Representative,1,8233.9,1,1,16,1,8,2010-07-12,,2026-09-01
100946,35,1,40,Customer Support,Male,Customer Success Manager,2,10876.28,0,4,17,16,6,2009-06-19,2026-07-24,2026-09-01
100947,56,1,18,Finance,Female,Finance Manager,5,6603.85,0,4,8,15,4,2018-08-20,2026-03-04,2026-09-01
100948,39,0,35,HR,Female,HR Manager,4,12817.55,0,4,18,8,7,2007-11-01,,2026-09-01
100949,43,0,8,HR,Female,HR Specialist,2,13266.34,1,5,16,5,4,2009-11-03,,2026-09-01
100950,43,0,37,Sales,Male,Sales Representative,5,6142.49,0,5,9,1,8,2017-04-24,,2026-09-01
100951,64,0,21,HR,Female,HR Specialist,5,9857.21,0,3,19,5,12,2007-03-06,,2026-09-01
100952,45,1,29,Sales,Female,Account Executive,4,7001.44,1,1,6,8,3,2020-05-19,2026-03-30,2026-09-01
100953,22,1,33,Engineering,Female,QA Engineer,5,12160.99,1,1,17,1,13,2009-06-09,2026-01-09,2026-09-01
100954,27,0,1,Operations,Male,Operations Analyst,3,12500.89,0,5,15,8,9,2011-07-19,,2026-09-01
100955,62,0,27,Customer Support,Male,Customer Success Manager,4,8626.67,0,2,18,20,0,2008-04-22,,2026-09-01
100956,35,0,20,Sales,Female,Sales Manager,1,4431.7,0,5,16,5,13,2010-08-07,,2026-09-01
100957,33,0,35,Customer Support,Male,Customer Success Manager,4,9349.26,0,3,11,23,2,2015-07-11,,2026-09-01
100958,34,0,31,Sales,Female,Account Executive,5,6697.14,1,1,8,16,4,2017-09-29,,2026-09-01
100959,28,1,33,Finance,Male,Accountant,5,9447.11,0,1,11,5,9,2014-12-31,2026-06-03,2026-09-01
100960,35,0,18,Engineering,Female,QA Engineer,4,9753.57,0,2,19,18,14,2007-04-06,,2026-09-01
100961,26,0,23,Sales,Male,Sales Manager,2,9591.79,0,2,11,3,0,2015-06-10,,2026-09-01
100962,28,0,2,Customer Support,Male,Support Lead,4,5474.13,0,1,13,24,2,2012-11-19,,2026-09-01
100963,58,0,30,Sales,Male,Sales Manager,3,14021.6,1,1,3,13,1,2022-12-13,,2026-09-01
100964,36,0,33,Customer Support,Female,Support Lead,1,5267.04,0,3,20,14,2,2006-06-02,,2026-09-01
100965,32,0,35,Operations,Female,Operations Manager,2,6072.66,1,5,1,14,0,2025-04-10,,2026-09-01
100966,64,0,9,HR,Female,HR Specialist,5,10504.34,0,4,4,1,1,2022-01-14,,2026-09-01
100967,64,0,34,Engineering,Female,Data Analyst,3,4930.18,0,3,18,17,7,2008-01-05,,2026-09-01
100968,65,0,4,Operations,Female,Operations Analyst,4,12530.09,0,2,0,22,0,2026-01-01,,2026-09-01
100969,59,0,10,Customer Support,Male,Customer Success Manager,5,12024.68,1,4,5,10,1,2021-01-17,,2026-09-01
100970,65,0,14,Operations,Female,Coordinator,3,14386.78,0,3,15,6,9,2011-04-02,,2026-09-01
100971,58,0,8,HR,Male,Recruiter,3,6086.14,0,1,5,14,0,2020-09-13,,2026-09-01
100972,59,0,10,Finance,Female,Financial Analyst,2,6245.47,0,1,9,12,8,2017-01-23,,2026-09-01
100973,29,0,40,Customer Support,Male,Support Specialist,3,7368.37,0,1,7,6,2,2019-03-19,,2026-09-01
100974,39,1,26,Customer Support,Female,Customer Success Manager,1,6892.17,0,4,18,24,18,2007-10-28,2026-08-25,2026-09-01
100975,50,0,8,Finance,Female,Financial Analyst,2,12404.46,0,2,16,9,16,2009-09-04,,2026-09-01
100976,47,0,34,Finance,Female,Accountant,5,8426.97,0,1,14,3,2,2011-12-21,,2026-09-01
100977,44,0,16,Operations,Female,Operations Analyst,1,9483.45,0,1,20,14,6,2006-01-12,,2026-09-01
100978,26,0,28,Engineering,Female,QA Engineer,3,13071.22,0,2,12,2,2,2013-11-24,,2026-09-01
100979,41,0,38,HR,Male,Recruiter,2,3811.72,0,4,5,20,0,2020-09-26,,2026-09-01
100980,57,0,11,Engineering,Male,BI Developer,4,5130.72,0,2,5,2,4,2021-04-15,,2026-09-01
100981,39,0,12,Finance,Female,Financial Analyst,3,11223.33,0,2,6,19,2,2019-09-12,,2026-09-01
100982,65,0,15,Customer Support,Male,Support Lead,5,13692.3,0,2,8,13,5,2018-02-23,,2026-09-01
100983,63,0,6,HR,Female,Recruiter,4,5276.13,0,1,13,1,0,2013-01-09,,2026-09-01
100984,58,0,30,Sales,Male,Account Executive,4,10272.07,0,1,2,8,1,2024-01-15,,2026-09-01
100985,56,0,36,Operations,Male,Operations Manager,5,5580.14,1,1,1,12,1,2025-07-06,,2026-09-01
100986,51,0,14,Finance,Male,Financial Analyst,5,13266.68,0,1,13,4,4,2012-10-27,,2026-09-01
100987,48,1,18,Engineering,Female,QA Engineer,1,8822.6,0,2,3,7,3,2022-10-17,2025-12-04,2026-09-01
100988,42,1,15,Sales,Female,Account Executive,5,6639.36,0,4,11,24,8,2015-02-04,2025-11-18,2026-09-01
100989,63,1,29,Operations,Male,Coordinator,1,8569.73,1,4,0,21,0,2025-10-31,2026-07-22,2026-09-01
100990,25,0,10,Finance,Male,Financial Analyst,1,9631.3,0,4,1,19,0,2025-03-19,,2026-09-01
100991,46,0,14,HR,Female,Recruiter,2,11246.93,0,2,9,23,5,2017-08-16,,2026-09-01
100992,44,1,7,Engineering,Female,BI Developer,3,11658.78,0,4,16,11,6,2010-06-10,2025-11-24,2026-09-01
100993,59,1,17,Finance,Male,Financial Analyst,2,8351.85,0,2,7,23,7,2018-09-25,2025-10-20,2026-09-01
100994,47,0,39,Sales,Male,Sales Manager,5,12347.05,1,4,13,22,11,2012-11-02,,2026-09-01
100995,23,0,7,Sales,Male,Sales Manager,5,12610.36,0,3,0,16,0,2026-08-16,,2026-09-01
100996,58,0,25,Finance,Male,Financial Analyst,2,5941.12,0,1,17,3,3,2009-03-08,,2026-09-01
100997,21,0,20,Sales,Male,Sales Manager,2,6226.65,1,5,9,7,0,2017-02-25,,2026-09-01
100998,25,1,25,Engineering,Male,QA Engineer,1,5572.23,1,3,1,19,0,2024-11-07,2026-08-19,2026-09-01
100999,62,0,29,Finance,Male,Financial Analyst,3,3408.57,1,1,7,20,0,2018-10-25,,2026-09-01
101000,49,0,26,Sales,Female,Sales Manager,5,6401.42,0,5,15,16,13,2010-11-20,,2026-09-01
101001,65,0,7,Engineering,Female,QA Engineer,1,9839.45,0,2,16,1,15,2010-04-08,,2026-09-01
101002,50,0,15,Operations,Female,Coordinator,5,11662.77,1,2,15,13,14,2010-12-14,,2026-09-01
101003,31,0,9,Finance,Female,Financial Analyst,4,13341.56,1,5,10,8,4,2015-11-09,,2026-09-01
101004,21,1,5,HR,Female,Recruiter,1,10486.17,0,3,6,9,6,2019-10-22,2025-09-12,2026-09-01
101005,64,0,2,Operations,Female,Coordinator,4,10481.33,1,3,15,2,5,2010-10-14,,2026-09-01
101006,51,0,8,Finance,Male,Finance Manager,4,10731.11,0,3,12,3,3,2014-05-08,,2026-09-01
101007,45,0,38,Sales,Male,Sales Manager,5,14152.42,0,3,3,4,0,2023-03-17,,2026-09-01
101008,27,0,21,Customer Support,Male,Support Specialist,4,3634.21,0,2,13,16,2,2013-04-21,,2026-09-01
101009,27,0,2,Operations,Female,Coordinator,2,8773.65,1,3,17,7,4,2009-01-03,,2026-09-01
101010,52,1,19,HR,Female,HR Specialist,2,8401.81,0,1,3,9,3,2023-06-15,2026-02-03,2026-09-01
101011,52,0,16,Sales,Female,Account Executive,2,3944.02,0,1,13,6,11,2013-07-08,,2026-09-01
101012,39,0,35,HR,Male,HR Manager,4,4120.13,0,3,12,19,5,2014-07-20,,2026-09-01
101013,39,0,2,Finance,Male,Finance Manager,5,4102.8,1,2,3,18,1,2023-01-20,,2026-09-01
101014,30,0,7,Engineering,Female,Software Engineer,1,12244.08,0,2,17,22,3,2008-12-01,,2026-09-01
101015,43,1,37,Engineering,Male,QA Engineer,5,5799.01,0,4,7,7,0,2019-05-08,2026-05-09,2026-09-01
101016,30,0,14,Operations,Male,Operations Manager,2,9922.55,0,4,6,15,4,2019-12-25,,2026-09-01
101017,62,0,35,Finance,Male,Finance Manager,3,6092.58,0,3,0,7,0,2026-01-15,,2026-09-01
101018,22,1,36,HR,Female,HR Manager,5,10232.16,0,3,20,22,17,2006-01-25,2026-04-24,2026-09-01
101019,55,1,11,Finance,Female,Accountant,4,6144.28,0,4,14,24,10,2012-01-11,2026-04-25,2026-09-01
101020,62,0,2,HR,Male,Recruiter,2,7661.1,1,2,13,10,13,2013-01-17,,2026-09-01
101021,58,1,17,Sales,Male,Sales Manager,3,5986.78,0,2,9,23,9,2016-12-29,2025-10-28,2026-09-01
101022,56,0,21,Operations,Female,Operations Manager,4,7232.84,0,4,5,24,0,2021-04-18,,2026-09-01
101023,28,0,36,Finance,Male,Finance Manager,1,13035.64,0,3,8,14,4,2017-12-05,,2026-09-01
101024,48,0,31,Finance,Female,Finance Manager,3,13919.81,0,3,16,2,10,2010-04-28,,2026-09-01
101025,35,1,21,Customer Support,Male,Support Lead,4,5386.28,1,5,6,14,6,2019-12-11,2026-04-22,2026-09-01
101026,23,0,2,Engineering,Female,QA Engineer,4,4888.05,0,3,20,11,0,2006-07-11,,2026-09-01
101027,33,0,30,Sales,Female,Sales Manager,4,13642.87,1,3,13,9,3,2012-09-25,,2026-09-01
101028,59,1,37,Engineering,Male,Data Analyst,1,11932.01,0,1,8,17,0,2017-09-03,2025-10-06,2026-09-01
101029,43,0,34,Operations,Male,Operations Analyst,1,11731.26,0,5,7,21,6,2019-08-28,,2026-09-01
101030,41,0,32,Sales,Male,Account Executive,5,13501.04,0,2,5,1,5,2021-01-26,,2026-09-01
101031,29,0,13,Operations,Female,Coordinator,3,3891.24,0,1,6,12,6,2020-03-28,,2026-09-01
101032,39,1,7,Finance,Male,Accountant,1,11499.49,0,3,7,14,2,2019-01-04,2026-05-14,2026-09-01
101033,24,0,31,HR,Male,Recruiter,3,4376.06,1,3,13,9,1,2013-08-27,,2026-09-01
101034,53,0,13,Finance,Female,Accountant,4,7756.84,1,5,3,4,3,2023-04-15,,2026-09-01
101035,41,0,6,Operations,Female,Coordinator,1,7710.3,0,1,18,21,1,2008-08-12,,2026-09-01
101036,26,0,20,Sales,Male,Sales Manager,5,6702.21,1,2,5,22,1,2021-02-23,,2026-09-01
101037,34,1,32,Engineering,Male,Data Analyst,1,8502.89,0,1,4,20,3,2022-07-09,2026-07-16,2026-09-01
101038,25,0,4,Finance,Male,Finance Manager,1,4012.19,0,4,10,2,9,2016-01-04,,2026-09-01
101039,37,1,15,Customer Support,Female,Customer Success Manager,2,12729.66,1,4,20,9,13,2006-07-13,2025-12-31,2026-09-01
101040,36,1,14,Finance,Male,Accountant,3,5453.68,0,2,8,7,7,2018-01-06,2026-03-27,2026-09-01
101041,29,0,4,Customer Support,Male,Customer Success Manager,5,10234.91,0,4,11,20,10,2014-11-02,,2026-09-01
101042,25,1,18,Sales,Male,Account Executive,5,13544.84,1,1,0,15,0,2026-06-08,2025-11-29,2026-09-01
101043,43,0,17,Sales,Male,Sales Representative,5,8029.88,1,3,12,16,12,2014-05-12,,2026-09-01
101044,65,0,29,Customer Support,Female,Customer Success Manager,2,6571.7,0,5,7,12,2,2019-05-23,,2026-09-01
101045,38,0,3,Finance,Female,Accountant,5,9847.88,0,4,2,12,0,2023-12-15,,2026-09-01
101046,26,0,11,HR,Female,HR Manager,1,13336.54,1,5,5,0,0,2020-11-01,,2026-09-01
101047,28,0,30,HR,Female,Recruiter,4,13312.49,0,5,16,21,15,2009-12-01,,2026-09-01
101048,36,0,27,HR,Male,Recruiter,5,8129.91,0,4,11,2,6,2014-12-29,,2026-09-01
101049,40,1,40,Sales,Female,Sales Representative,2,3803.58,0,2,5,14,3,2021-02-25,2026-04-04,2026-09-01
101050,60,0,18,HR,Male,Recruiter,5,3326.55,0,1,20,6,8,2005-11-07,,2026-09-01
101051,52,1,14,Operations,Female,Operations Manager,4,6540.27,1,4,3,13,0,2022-09-07,2026-08-24,2026-09-01
101052,47,0,18,HR,Male,Recruiter,3,10003.75,0,5,7,16,7,2018-09-06,,2026-09-01
101053,61,0,34,HR,Female,HR Specialist,3,8201.26,0,3,8,0,3,2018-05-27,,2026-09-01
101054,46,1,18,Operations,Female,Operations Manager,3,7759.81,0,4,7,21,7,2018-10-22,2026-02-01,2026-09-01
101055,23,0,9,Engineering,Female,BI Developer,5,9942.05,1,2,11,16,3,2015-08-03,,2026-09-01
101056,35,0,8,Finance,Female,Finance Manager,2,11891.81,0,3,6,21,2,2020-05-14,,2026-09-01
101057,34,0,26,Customer Support,Male,Support Specialist,2,9728.72,0,5,15,11,3,2011-05-08,,2026-09-01
101058,32,0,2,Finance,Male,Financial Analyst,2,6741.57,0,3,19,20,0,2007-06-12,,2026-09-01
101059,51,0,12,Engineering,Female,QA Engineer,2,10573.55,0,4,1,22,0,2024-10-28,,2026-09-01
101060,65,0,39,Operations,Female,Operations Analyst,2,12633.27,0,5,7,4,6,2019-05-04,,2026-09-01
101061,30,0,24,Engineering,Male,QA Engineer,1,10832.65,0,3,3,6,0,2023-01-15,,2026-09-01
101062,23,0,10,Operations,Male,Operations Analyst,1,13843.53,0,2,14,22,7,2012-06-09,,2026-09-01
101063,57,1,23,Finance,Female,Financial Analyst,5,8447.75,1,2,19,15,19,2006-11-09,2026-06-29,2026-09-01
101064,25,1,3,Customer Support,Female,Customer Success Manager,1,8671.61,1,5,1,6,0,2025-07-25,2026-06-14,2026-09-01
101065,30,1,40,Sales,Male,Account Executive,4,7316.49,0,4,6,1,4,2020-05-24,2026-03-18,2026-09-01
101066,29,0,23,Engineering,Female,QA Engineer,5,10956.01,0,3,16,19,2,2010-05-08,,2026-09-01
101067,62,0,17,Operations,Male,Operations Analyst,4,6753.59,1,4,19,14,13,2006-12-28,,2026-09-01
101068,54,0,20,Operations,Female,Coordinator,5,11368.94,0,1,19,17,15,2007-01-23,,2026-09-01
101069,53,1,22,Operations,Male,Operations Manager,5,6684.41,1,4,17,14,3,2009-06-16,2026-01-30,2026-09-01
101070,53,0,39,Sales,Male,Sales Manager,3,3239.96,1,3,8,19,2,2017-12-25,,2026-09-01
101071,57,0,23,HR,Male,HR Manager,5,8931.78,1,2,16,0,7,2010-01-17,,2026-09-01
101072,64,0,6,Engineering,Male,Software Engineer,5,4624.96,0,2,9,3,1,2017-08-13,,2026-09-01
101073,56,0,12,Sales,Female,Account Executive,1,6608.04,0,5,6,18,3,2020-02-29,,2026-09-01
101074,34,0,9,Engineering,Male,Software Engineer,5,12928.51,1,5,15,24,8,2011-07-09,,2026-09-01
101075,24,0,3,Customer Support,Female,Support Lead,1,8798.69,0,5,10,13,9,2015-09-19,,2026-09-01
101076,23,0,29,Finance,Female,Finance Manager,2,9662.27,0,3,2,6,2,2023-12-27,,2026-09-01
101077,34,0,24,Sales,Female,Sales Representative,5,14064.58,0,1,3,4,3,2023-06-03,,2026-09-01
101078,50,1,16,Sales,Male,Sales Manager,1,13934.49,1,5,14,3,10,2011-10-12,2026-01-01,2026-09-01
101079,41,0,25,Finance,Male,Accountant,3,5657.32,1,2,2,22,0,2024-02-25,,2026-09-01
101080,33,0,33,Sales,Male,Sales Representative,4,8285.32,0,2,9,15,6,2016-11-18,,2026-09-01
101081,32,0,17,Engineering,Female,Data Analyst,1,14343.84,1,3,5,13,1,2021-07-19,,2026-09-01
101082,30,0,15,Sales,Female,Account Executive,2,11811.83,0,5,18,16,9,2008-01-08,,2026-09-01
101083,41,1,26,Operations,Female,Coordinator,3,11062.57,1,3,8,13,0,2017-11-05,2026-01-25,2026-09-01
101084,54,0,17,Engineering,Male,Software Engineer,3,9235.35,0,2,13,1,9,2012-12-30,,2026-09-01
101085,49,1,25,Operations,Male,Operations Analyst,1,6915.95,0,1,5,4,4,2021-03-14,2025-11-23,2026-09-01
101086,59,0,23,Engineering,Female,BI Developer,3,14163.12,0,3,18,16,6,2008-04-07,,2026-09-01
101087,33,0,23,Customer Support,Female,Support Lead,1,9968.84,1,1,3,13,1,2022-10-25,,2026-09-01
101088,22,0,29,HR,Male,HR Specialist,5,6718.88,0,5,1,2,1,2025-05-08,,2026-09-01
101089,47,0,6,HR,Female,HR Manager,3,11224.64,0,5,9,20,4,2017-04-26,,2026-09-01
101090,38,0,13,Operations,Female,Operations Analyst,3,11884.9,0,3,19,19,0,2007-08-08,,2026-09-01
101091,59,1,4,Customer Support,Male,Customer Success Manager,4,12895.35,1,1,15,0,6,2010-11-01,2025-09-30,2026-09-01
101092,26,0,23,Customer Support,Male,Customer Success Manager,3,9587.77,0,1,1,15,0,2024-09-02,,2026-09-01
101093,37,0,16,Finance,Male,Finance Manager,2,5906.22,0,2,10,4,3,2015-10-13,,2026-09-01
101094,33,0,20,Customer Support,Male,Customer Success Manager,4,11247.77,0,4,8,0,3,2018-01-04,,2026-09-01
101095,65,0,36,Customer Support,Male,Support Specialist,3,5266.7,0,4,16,14,10,2010-04-10,,2026-09-01
101096,37,0,24,HR,Male,HR Specialist,5,14441.39,0,3,7,23,3,2019-03-12,,2026-09-01
101097,59,0,8,Finance,Male,Finance Manager,2,5708.54,0,4,13,15,3,2012-12-21,,2026-09-01
101098,56,0,21,Customer Support,Male,Customer Success Manager,5,6482.44,0,2,15,17,13,2011-06-07,,2026-09-01
101099,50,0,5,Sales,Female,Sales Representative,1,12733.27,0,2,6,16,5,2020-08-26,,2026-09-01
101100,55,0,8,Finance,Male,Finance Manager,5,11761.53,0,5,5,23,5,2021-05-04,,2026-09-01
101101,21,0,13,Customer Support,Female,Support Specialist,1,12119.1,0,4,1,23,0,2025-08-01,,2026-09-01
101102,40,0,37,Customer Support,Female,Support Lead,2,10256.0,1,4,15,0,0,2011-06-27,,2026-09-01
101103,61,0,13,Sales,Male,Account Executive,4,3201.78,1,1,11,0,3,2014-12-16,,2026-09-01
101104,47,0,15,Sales,Male,Sales Manager,3,4600.51,0,1,20,20,12,2006-06-06,,2026-09-01
101105,46,0,10,Finance,Male,Finance Manager,5,10897.25,0,3,10,18,2,2016-08-09,,2026-09-01
101106,32,0,37,HR,Male,Recruiter,2,4672.71,0,5,20,15,11,2006-06-19,,2026-09-01
101107,43,0,4,HR,Male,Recruiter,5,13041.08,0,2,20,2,16,2006-08-08,,2026-09-01
101108,47,0,36,HR,Female,Recruiter,2,7901.59,0,2,15,21,11,2010-10-12,,2026-09-01
101109,40,0,40,HR,Female,HR Specialist,3,6278.64,0,5,6,21,1,2019-09-07,,2026-09-01
101110,54,0,5,Customer Support,Female,Customer Success Manager,2,13980.38,0,2,2,11,2,2024-06-26,,2026-09-01
101111,41,0,24,Engineering,Female,QA Engineer,1,8215.08,0,2,11,1,8,2014-09-16,,2026-09-01
101112,22,0,20,Engineering,Male,QA Engineer,5,12324.78,0,4,5,7,5,2020-10-12,,2026-09-01
101113,25,1,4,Customer Support,Male,Customer Success Manager,5,10938.28,1,2,8,12,5,2018-08-26,2025-09-06,2026-09-01
101114,42,0,15,Sales,Female,Sales Manager,2,9174.15,1,2,19,1,19,2007-02-21,,2026-09-01
101115,21,1,18,HR,Male,HR Manager,1,6176.9,0,3,14,12,9,2012-04-01,2025-11-11,2026-09-01
101116,49,0,6,Sales,Female,Sales Representative,3,10744.72,0,3,11,21,2,2015-02-11,,2026-09-01
101117,64,0,27,Customer Support,Female,Support Specialist,3,5892.37,1,2,14,6,1,2012-07-27,,2026-09-01
101118,34,1,36,Finance,Male,Finance Manager,1,14310.63,1,5,2,14,1,2024-07-21,2026-02-23,2026-09-01
101119,31,0,27,Operations,Female,Operations Analyst,2,5600.29,0,3,0,8,0,2025-11-24,,2026-09-01
101120,32,0,38,Sales,Female,Sales Representative,1,14189.08,0,3,2,6,2,2024-02-05,,2026-09-01
101121,60,1,40,Operations,Female,Operations Manager,2,9824.5,0,2,8,23,1,2017-10-04,2026-06-01,2026-09-01
101122,30,0,9,Engineering,Female,Software Engineer,3,4748.77,1,2,20,20,18,2005-11-04,,2026-09-01
101123,56,0,18,Sales,Female,Account Executive,1,4475.42,0,4,20,1,3,2006-08-15,,2026-09-01
101124,21,1,36,HR,Male,Recruiter,1,5872.15,0,3,19,9,13,2007-07-10,2025-12-31,2026-09-01
101125,41,0,24,Finance,Male,Accountant,2,13631.53,0,5,0,18,0,2026-05-22,,2026-09-01
101126,42,0,10,Customer Support,Female,Support Lead,2,4483.17,0,3,3,9,0,2023-03-01,,2026-09-01
101127,62,1,18,Engineering,Female,Software Engineer,2,5179.48,0,5,9,24,9,2017-04-15,2026-06-21,2026-09-01
101128,26,0,21,Engineering,Male,QA Engineer,3,5632.13,0,2,16,6,14,2010-01-13,,2026-09-01
101129,53,0,14,Sales,Male,Sales Manager,4,12274.97,0,5,6,19,0,2020-04-24,,2026-09-01
101130,61,0,1,Customer Support,Female,Customer Success Manager,4,12767.2,0,5,12,4,0,2014-01-27,,2026-09-01
101131,53,1,5,HR,Male,HR Manager,1,5837.37,1,1,19,12,11,2007-04-04,2025-10-08,2026-09-01
101132,57,0,8,HR,Female,HR Manager,1,5184.56,0,5,12,7,0,2014-01-27,,2026-09-01
101133,52,0,31,Engineering,Female,Data Analyst,2,14405.05,1,1,18,9,13,2008-05-09,,2026-09-01
101134,50,0,15,Sales,Female,Account Executive,1,8473.88,0,3,5,16,3,2021-02-24,,2026-09-01
101135,61,0,36,Engineering,Male,Data Analyst,5,5597.02,0,4,11,3,5,2015-05-10,,2026-09-01
101136,27,0,14,Operations,Female,Operations Manager,1,4707.38,1,1,3,6,0,2023-08-17,,2026-09-01
101137,21,0,21,Engineering,Female,BI Developer,5,3288.22,0,4,0,22,0,2026-05-22,,2026-09-01
101138,35,0,29,Operations,Male,Operations Analyst,4,3974.14,0,2,9,16,7,2017-01-18,,2026-09-01
101139,41,0,6,Sales,Male,Account Executive,1,12415.74,0,3,19,1,14,2007-05-18,,2026-09-01
101140,64,0,10,Customer Support,Female,Customer Success Manager,1,7030.51,0,1,3,10,1,2023-02-22,,2026-09-01
101141,23,1,27,Sales,Female,Sales Manager,2,8069.4,1,5,14,23,10,2011-12-04,2026-08-17,2026-09-01
101142,64,1,32,Finance,Female,Accountant,4,10765.13,0,2,1,6,1,2025-06-10,2026-04-28,2026-09-01
101143,43,1,23,HR,Male,HR Manager,2,8078.24,1,2,9,21,7,2017-08-28,2026-06-21,2026-09-01
101144,43,1,29,Customer Support,Female,Customer Success Manager,1,14337.66,1,4,17,0,6,2008-12-22,2026-08-31,2026-09-01
101145,39,0,24,Sales,Female,Sales Representative,5,12758.3,1,3,12,17,7,2014-05-04,,2026-09-01
101146,61,0,11,Operations,Male,Operations Analyst,1,5751.82,0,2,11,6,3,2015-01-03,,2026-09-01
101147,28,0,20,Sales,Female,Account Executive,4,6889.14,0,4,10,14,1,2016-05-20,,2026-09-01
101148,60,0,35,Engineering,Female,Software Engineer,5,9617.68,0,1,20,19,2,2005-12-15,,2026-09-01
101149,35,0,28,Sales,Male,Sales Manager,1,12511.03,1,1,5,18,2,2021-01-29,,2026-09-01
101150,27,0,40,Operations,Female,Operations Analyst,1,3241.99,0,5,11,16,2,2015-01-06,,2026-09-01
101151,56,0,19,Sales,Male,Sales Manager,3,9715.17,0,5,14,19,11,2011-12-25,,2026-09-01
101152,32,0,34,Operations,Female,Operations Manager,1,12025.01,0,1,17,12,4,2008-10-30,,2026-09-01
101153,53,0,33,Finance,Female,Accountant,2,12904.16,0,2,9,20,3,2017-03-21,,2026-09-01
101154,35,0,40,Operations,Female,Coordinator,2,6634.08,0,4,11,3,6,2015-01-13,,2026-09-01
101155,48,1,37,Engineering,Male,Data Analyst,2,8409.85,1,4,0,17,0,2025-12-08,2026-08-12,2026-09-01
101156,35,0,3,Customer Support,Male,Support Specialist,5,5146.07,1,3,17,21,6,2009-01-07,,2026-09-01
101157,27,0,20,Engineering,Female,BI Developer,1,5597.42,0,2,3,8,2,2022-10-05,,2026-09-01
101158,35,0,39,Engineering,Female,BI Developer,2,5683.18,0,3,7,23,5,2019-02-07,,2026-09-01
101159,25,0,20,Sales,Female,Account Executive,2,4261.79,0,4,1,17,0,2025-01-02,,2026-09-01
101160,64,0,5,Customer Support,Female,Customer Success Manager,2,7446.08,1,3,10,5,2,2016-02-11,,2026-09-01
101161,59,0,23,Customer Support,Male,Support Specialist,5,4006.83,1,4,10,0,5,2016-06-16,,2026-09-01
101162,25,0,31,Finance,Female,Finance Manager,5,10161.91,0,4,3,4,0,2023-03-14,,2026-09-01
101163,56,0,40,Customer Support,Female,Support Specialist,5,6084.11,0,3,20,4,5,2006-03-13,,2026-09-01
101164,25,0,20,HR,Female,HR Specialist,4,4719.36,0,5,12,19,9,2014-01-22,,2026-09-01
101165,31,0,38,HR,Male,HR Specialist,5,7846.12,0,3,18,13,4,2007-11-17,,2026-09-01
101166,28,0,31,Customer Support,Female,Support Lead,5,7097.25,0,3,7,23,2,2018-11-18,,2026-09-01
101167,48,0,3,HR,Male,HR Specialist,3,6178.37,0,3,19,23,12,2007-03-04,,2026-09-01
101168,51,0,7,Finance,Male,Accountant,4,10539.65,0,3,17,5,3,2009-06-12,,2026-09-01
101169,37,0,20,Engineering,Male,QA Engineer,4,4917.52,0,1,16,9,16,2010-05-28,,2026-09-01
101170,41,0,20,Engineering,Female,QA Engineer,3,7942.09,0,1,6,21,0,2019-12-12,,2026-09-01
101171,28,0,32,Customer Support,Female,Customer Success Manager,5,6346.85,0,5,9,9,8,2016-09-04,,2026-09-01
101172,29,0,2,HR,Male,HR Specialist,4,11833.17,1,1,9,12,4,2017-07-22,,2026-09-01
101173,52,0,33,HR,Male,Recruiter,4,6484.35,0,3,11,24,9,2014-10-24,,2026-09-01
101174,59,0,32,Finance,Male,Finance Manager,3,8238.1,0,5,7,10,0,2019-04-30,,2026-09-01
101175,54,0,4,Engineering,Female,BI Developer,2,11711.16,0,5,5,20,1,2020-09-10,,2026-09-01
101176,37,0,32,HR,Male,Recruiter,3,5154.02,0,4,3,11,2,2022-11-28,,2026-09-01
101177,29,0,9,Customer Support,Male,Support Specialist,5,12646.22,1,3,1,18,0,2025-01-17,,2026-09-01
101178,38,0,3,Engineering,Male,Data Analyst,3,8363.88,0,2,2,14,2,2024-07-21,,2026-09-01
101179,49,0,12,Engineering,Female,BI Developer,1,10127.06,0,4,16,15,8,2009-09-21,,2026-09-01
101180,46,0,10,HR,Male,HR Manager,2,5664.27,0,2,17,8,1,2009-04-10,,2026-09-01
101181,25,0,7,HR,Male,HR Manager,5,11820.02,0,2,10,7,7,2015-09-24,,2026-09-01
101182,35,0,35,Operations,Male,Operations Analyst,5,10620.22,1,4,14,13,9,2011-09-15,,2026-09-01
101183,56,0,29,Engineering,Female,Software Engineer,5,10130.1,1,3,18,11,0,2008-03-21,,2026-09-01
101184,27,0,3,Sales,Female,Sales Representative,5,12472.34,0,5,16,17,9,2010-02-27,,2026-09-01
101185,41,0,4,HR,Male,Recruiter,5,9332.52,1,3,19,13,18,2007-04-04,,2026-09-01
101186,26,0,5,Customer Support,Male,Support Specialist,1,5397.47,1,5,20,10,6,2006-05-07,,2026-09-01
101187,60,0,14,Engineering,Female,Software Engineer,5,11845.27,0,3,16,23,5,2010-03-13,,2026-09-01
101188,60,1,23,Customer Support,Female,Support Specialist,4,3827.05,0,4,12,22,4,2014-05-11,2026-07-11,2026-09-01
101189,30,0,20,Customer Support,Male,Customer Success Manager,4,13745.82,0,2,15,21,1,2011-04-10,,2026-09-01
101190,64,0,31,Sales,Male,Sales Representative,4,9489.85,0,2,12,18,12,2014-05-07,,2026-09-01
101191,39,0,15,Engineering,Male,BI Developer,3,8281.92,0,1,8,6,4,2018-02-18,,2026-09-01
101192,27,0,6,Customer Support,Male,Support Specialist,3,4525.17,0,2,16,21,7,2009-12-17,,2026-09-01
101193,63,0,27,HR,Female,HR Specialist,3,13166.46,0,2,20,11,10,2006-08-02,,2026-09-01
101194,35,0,4,Operations,Male,Operations Analyst,2,12992.67,1,1,1,1,0,2024-10-01,,2026-09-01
101195,22,1,10,Engineering,Female,BI Developer,2,5091.25,1,4,18,17,17,2008-06-13,2026-08-29,2026-09-01
101196,41,1,23,Operations,Male,Operations Manager,2,12780.03,1,5,4,24,1,2022-08-18,2025-10-16,2026-09-01
101197,32,1,10,Customer Support,Female,Support Specialist,1,12799.84,0,4,8,18,5,2018-04-17,2026-01-23,2026-09-01
101198,25,0,2,HR,Female,Recruiter,4,7249.55,0,4,13,14,10,2013-07-11,,2026-09-01
101199,51,1,28,Engineering,Male,Data Analyst,3,10225.4,0,5,17,5,14,2008-10-17,2026-05-22,2026-09-01
101200,54,0,8,Operations,Female,Operations Analyst,3,10017.8,0,5,12,11,11,2014-06-17,,2026-09-01
101201,62,0,15,Sales,Female,Sales Representative,5,3512.22,1,2,19,19,13,2007-05-23,,2026-09-01
101202,23,1,1,Customer Support,Female,Customer Success Manager,1,13666.22,1,4,13,20,12,2013-05-14,2026-06-28,2026-09-01
101203,23,1,31,Engineering,Male,QA Engineer,2,5140.56,0,3,16,7,14,2009-11-20,2026-03-05,2026-09-01
101204,35,0,10,Engineering,Male,Software Engineer,3,12605.36,0,1,19,19,0,2007-03-23,,2026-09-01
101205,52,1,16,Sales,Male,Account Executive,2,12123.25,1,2,8,21,2,2017-09-08,2026-01-10,2026-09-01
101206,52,0,4,Engineering,Male,BI Developer,5,3608.53,0,3,20,6,15,2006-06-27,,2026-09-01
101207,51,0,39,HR,Female,Recruiter,4,9403.01,0,4,9,17,9,2017-04-09,,2026-09-01
101208,21,0,9,Sales,Male,Account Executive,1,11706.56,0,2,5,0,3,2021-01-14,,2026-09-01
101209,50,0,5,Engineering,Female,QA Engineer,4,10485.3,0,2,7,5,1,2019-01-13,,2026-09-01
101210,60,0,19,Sales,Male,Account Executive,4,11166.73,0,3,2,3,0,2024-08-07,,2026-09-01
101211,33,0,26,Sales,Male,Sales Representative,5,9995.55,0,3,3,7,0,2023-04-03,,2026-09-01
101212,44,0,31,Engineering,Male,Software Engineer,2,6255.73,0,4,17,6,11,2009-01-17,,2026-09-01
101213,35,0,14,Operations,Male,Operations Manager,3,4318.92,1,1,13,22,11,2013-03-10,,2026-09-01
101214,55,0,2,HR,Male,HR Manager,1,5624.3,1,5,12,2,12,2014-02-25,,2026-09-01
101215,35,0,1,Operations,Female,Operations Manager,3,12264.61,1,1,16,0,13,2010-08-01,,2026-09-01
101216,30,0,9,Customer Support,Female,Support Specialist,4,10599.37,0,2,12,2,1,2014-01-17,,2026-09-01
101217,59,0,15,Engineering,Female,Data Analyst,2,7654.98,1,5,19,7,1,2007-04-09,,2026-09-01
101218,24,0,8,Engineering,Male,Data Analyst,5,6384.63,0,3,5,14,3,2021-05-18,,2026-09-01
101219,43,0,24,Sales,Male,Account Executive,3,3711.09,0,2,15,21,1,2011-01-04,,2026-09-01
101220,24,1,40,Customer Support,Male,Customer Success Manager,3,4319.34,0,5,15,14,9,2011-03-02,2026-06-01,2026-09-01
101221,50,0,24,HR,Female,Recruiter,1,5678.86,1,5,10,2,2,2016-04-14,,2026-09-01
101222,58,1,40,Operations,Female,Operations Manager,2,13701.64,0,1,8,2,5,2018-01-04,2026-01-09,2026-09-01
101223,64,0,25,Engineering,Female,Data Analyst,4,14119.4,0,3,5,4,0,2021-06-29,,2026-09-01
101224,21,0,39,Operations,Female,Operations Manager,3,10297.34,1,5,6,19,1,2020-01-28,,2026-09-01
101225,32,0,34,Engineering,Female,QA Engineer,3,6742.27,0,2,9,14,0,2017-08-27,,2026-09-01
101226,30,0,24,Sales,Male,Sales Manager,3,6337.02,0,2,8,11,1,2018-03-30,,2026-09-01
101227,62,0,9,HR,Male,Recruiter,3,10831.16,1,1,1,16,0,2025-08-03,,2026-09-01
101228,39,0,17,Engineering,Female,Software Engineer,2,11401.08,0,5,13,15,0,2013-07-18,,2026-09-01
101229,52,0,38,Operations,Male,Coordinator,4,12646.88,0,2,10,23,3,2016-06-12,,2026-09-01
101230,28,0,4,Finance,Male,Finance Manager,3,10938.19,0,2,1,11,1,2025-03-01,,2026-09-01
101231,44,0,11,Sales,Female,Account Executive,2,9993.97,0,5,2,5,2,2023-11-28,,2026-09-01
101232,40,0,14,Sales,Male,Account Executive,5,7771.04,0,2,13,17,2,2012-09-02,,2026-09-01
101233,61,0,16,Sales,Male,Sales Manager,2,4249.15,0,1,7,15,6,2018-10-26,,2026-09-01
101234,22,0,36,Operations,Male,Operations Manager,5,6655.08,0,5,10,3,0,2015-10-20,,2026-09-01
101235,29,0,11,Finance,Female,Accountant,1,13683.15,0,2,12,2,5,2014-04-09,,2026-09-01
101236,60,1,7,Finance,Male,Accountant,3,8961.79,1,5,7,12,7,2019-06-15,2025-11-08,2026-09-01
101237,54,0,38,Customer Support,Female,Support Specialist,1,12351.55,1,3,10,12,2,2015-10-09,,2026-09-01
101238,34,0,17,Operations,Female,Operations Manager,1,10841.5,0,2,1,23,0,2024-09-20,,2026-09-01
101239,65,0,20,Sales,Female,Account Executive,4,13323.04,0,2,17,7,15,2009-08-31,,2026-09-01
101240,61,0,8,Sales,Male,Sales Manager,2,9608.96,1,2,17,5,4,2009-03-09,,2026-09-01
101241,30,0,17,Sales,Female,Sales Manager,3,13058.75,1,2,5,20,1,2020-12-25,,2026-09-01
101242,32,1,19,Customer Support,Male,Support Specialist,1,9400.53,0,1,12,9,11,2014-06-18,2026-08-17,2026-09-01
101243,21,0,17,Operations,Female,Coordinator,4,7206.35,1,2,11,13,3,2015-05-27,,2026-09-01
101244,57,0,5,HR,Male,Recruiter,2,8588.32,0,5,1,11,0,2024-12-27,,2026-09-01
101245,30,0,2,Finance,Female,Finance Manager,2,6165.76,0,1,12,14,12,2014-01-09,,2026-09-01
101246,53,1,40,Customer Support,Female,Support Lead,2,6536.29,1,5,12,2,1,2014-06-03,2025-11-22,2026-09-01
101247,52,0,39,Customer Support,Male,Support Lead,5,12441.4,0,2,7,20,3,2018-12-28,,2026-09-01
101248,63,0,18,Operations,Female,Coordinator,3,4467.88,1,3,12,2,4,2014-02-07,,2026-09-01
101249,44,0,12,Customer Support,Female,Support Specialist,4,5854.92,0,3,16,12,6,2010-01-19,,2026-09-01
101250,45,0,6,HR,Male,HR Specialist,2,12972.13,0,3,3,17,1,2023-06-12,,2026-09-01
101251,50,0,19,Engineering,Female,QA Engineer,1,12873.88,0,1,13,20,6,2012-12-30,,2026-09-01
101252,26,0,15,Engineering,Male,QA Engineer,3,5753.65,0,3,17,3,1,2009-08-12,,2026-09-01
101253,47,0,38,Sales,Female,Sales Manager,2,12857.39,0,4,6,20,6,2020-07-20,,2026-09-01
101254,28,1,26,Finance,Female,Accountant,4,6249.12,0,3,18,9,5,2007-11-10,2026-01-07,2026-09-01
101255,56,0,19,Operations,Female,Coordinator,4,14400.01,0,1,18,9,6,2008-06-30,,2026-09-01
101256,41,0,6,Sales,Female,Sales Representative,2,3807.68,1,1,6,10,3,2019-11-01,,2026-09-01
101257,23,1,37,Engineering,Male,BI Developer,1,11156.95,1,1,1,22,0,2025-07-08,2026-03-29,2026-09-01
101258,41,0,26,Sales,Male,Account Executive,4,7772.61,0,2,13,6,7,2012-09-25,,2026-09-01
101259,36,0,11,Finance,Male,Accountant,4,12022.11,0,3,18,1,5,2007-11-24,,2026-09-01
101260,54,0,14,HR,Female,HR Manager,2,7255.96,0,1,19,8,15,2006-09-29,,2026-09-01
101261,32,0,20,Customer Support,Female,Customer Success Manager,3,10047.91,0,2,0,18,0,2026-03-17,,2026-09-01
101262,37,0,33,Engineering,Male,Data Analyst,5,7473.15,0,2,18,2,8,2008-02-24,,2026-09-01
101263,41,0,12,HR,Female,HR Manager,1,4441.42,0,4,11,19,5,2014-12-23,,2026-09-01
101264,56,0,8,Finance,Male,Accountant,2,10085.23,0,4,6,14,5,2020-04-20,,2026-09-01
101265,44,0,16,HR,Female,HR Manager,2,6191.05,0,3,3,12,2,2023-02-02,,2026-09-01
101266,22,0,19,Finance,Female,Accountant,2,10823.89,1,5,11,9,0,2014-10-01,,2026-09-01
101267,49,0,27,Operations,Female,Operations Analyst,3,5687.07,0,4,15,13,9,2010-11-27,,2026-09-01
101268,46,0,8,Operations,Male,Operations Manager,5,5053.65,0,3,8,13,0,2017-09-10,,2026-09-01
101269,48,0,26,Customer Support,Male,Support Lead,2,13835.78,1,3,12,6,1,2014-08-24,,2026-09-01
101270,28,0,1,Sales,Male,Account Executive,4,7308.19,1,2,14,1,10,2012-07-07,,2026-09-01
101271,51,0,15,Engineering,Female,Software Engineer,4,4024.72,1,3,4,10,1,2021-10-02,,2026-09-01
101272,60,0,30,Customer Support,Male,Support Specialist,5,6719.9,0,3,15,19,1,2010-10-22,,2026-09-01
101273,52,0,36,Sales,Male,Account Executive,4,8970.56,0,5,20,15,13,2006-07-16,,2026-09-01
101274,45,0,35,Engineering,Female,QA Engineer,1,11381.3,0,4,13,10,13,2013-03-07,,2026-09-01
101275,51,0,33,Sales,Male,Sales Representative,2,7314.99,0,5,4,23,3,2021-12-07,,2026-09-01
101276,58,1,31,Sales,Female,Sales Manager,2,6907.57,1,2,0,6,0,2026-07-21,2026-03-24,2026-09-01
101277,54,0,6,HR,Male,HR Specialist,5,8718.41,0,4,16,6,12,2009-09-22,,2026-09-01
101278,23,0,27,Sales,Female,Sales Manager,3,13795.81,0,4,11,18,0,2015-06-29,,2026-09-01
101279,44,1,39,Customer Support,Female,Support Lead,1,12458.48,1,3,17,0,16,2009-07-14,2026-01-08,2026-09-01
101280,22,0,28,Operations,Female,Operations Analyst,5,14103.18,0,2,15,1,1,2011-08-18,,2026-09-01
101281,35,0,9,Customer Support,Male,Customer Success Manager,2,13254.26,0,3,11,5,9,2015-04-29,,2026-09-01
101282,36,1,16,Finance,Male,Accountant,2,6126.68,0,5,18,17,14,2007-09-18,2026-08-23,2026-09-01
101283,22,0,28,HR,Female,HR Specialist,4,7704.85,0,4,13,8,0,2013-01-18,,2026-09-01
101284,47,0,3,Sales,Female,Sales Representative,4,14269.64,1,2,18,6,18,2008-06-06,,2026-09-01
101285,27,0,11,Sales,Female,Account Executive,2,7850.19,0,1,4,0,3,2022-01-30,,2026-09-01
101286,56,0,29,Sales,Female,Sales Manager,2,13198.27,1,5,18,4,11,2008-02-18,,2026-09-01
101287,33,0,38,Customer Support,Male,Customer Success Manager,3,5787.72,0,3,0,10,0,2025-12-30,,2026-09-01
101288,64,0,31,Finance,Male,Finance Manager,5,11239.43,0,1,5,5,0,2021-03-30,,2026-09-01
101289,49,0,25,Customer Support,Female,Support Lead,4,9448.3,0,3,16,15,14,2009-09-20,,2026-09-01
101290,25,0,2,Finance,Female,Accountant,1,3609.65,1,3,7,0,5,2018-10-14,,2026-09-01
101291,55,0,38,Operations,Female,Operations Analyst,4,6981.63,0,5,8,15,5,2018-06-25,,2026-09-01
101292,30,0,31,Sales,Male,Account Executive,5,3899.03,1,2,5,22,0,2020-11-02,,2026-09-01
101293,54,0,25,Engineering,Female,BI Developer,4,8051.57,1,3,18,4,1,2008-07-24,,2026-09-01
101294,38,0,32,Customer Support,Female,Support Specialist,2,9216.11,1,3,13,18,10,2013-04-14,,2026-09-01
101295,61,0,21,HR,Male,HR Specialist,1,7163.12,0,1,18,19,7,2007-11-10,,2026-09-01
101296,24,0,6,Engineering,Male,Data Analyst,3,10942.65,0,3,14,21,1,2011-10-31,,2026-09-01
101297,46,0,33,Engineering,Male,BI Developer,5,3304.02,0,2,9,18,7,2017-01-31,,2026-09-01
101298,45,0,7,Sales,Female,Sales Representative,1,4361.74,0,4,6,5,2,2020-06-11,,2026-09-01
101299,46,1,12,Finance,Female,Financial Analyst,2,4211.11,0,2,9,0,5,2016-12-12,2026-06-16,2026-09-01
101300,38,0,1,Operations,Female,Coordinator,5,11929.55,0,1,20,22,13,2006-05-14,,2026-09-01
101301,54,0,5,Sales,Male,Sales Manager,5,7162.94,0,4,13,9,6,2013-05-23,,2026-09-01
101302,62,0,1,Finance,Male,Financial Analyst,1,6463.77,0,2,2,1,0,2023-09-29,,2026-09-01
101303,45,0,3,HR,Male,Recruiter,4,4079.93,0,5,8,14,7,2017-12-22,,2026-09-01
101304,53,0,22,HR,Male,HR Specialist,5,9552.23,0,1,6,16,1,2019-12-22,,2026-09-01
101305,39,0,24,Sales,Male,Account Executive,3,6867.44,1,5,19,11,1,2007-03-13,,2026-09-01
101306,29,0,18,Sales,Male,Account Executive,4,8195.29,0,3,2,9,1,2024-02-04,,2026-09-01
101307,53,1,24,HR,Male,HR Specialist,1,7947.52,1,4,4,13,2,2022-06-02,2025-10-16,2026-09-01
101308,48,0,13,Engineering,Male,Software Engineer,2,6481.64,0,3,1,3,1,2025-06-16,,2026-09-01
101309,63,0,21,Finance,Male,Accountant,4,8692.31,0,1,18,21,18,2007-12-07,,2026-09-01
101310,58,0,31,HR,Female,HR Manager,3,10499.92,0,4,1,7,0,2025-07-31,,2026-09-01
101311,24,1,17,HR,Female,HR Specialist,1,8479.07,1,4,16,2,5,2009-11-28,2025-11-23,2026-09-01
101312,31,1,19,Finance,Female,Financial Analyst,3,6465.22,0,1,5,23,2,2021-02-06,2026-07-05,2026-09-01
101313,29,0,34,Operations,Male,Operations Manager,2,10723.33,1,4,18,23,1,2007-12-06,,2026-09-01
101314,21,0,10,Engineering,Female,Data Analyst,5,5125.9,0,4,10,3,6,2015-10-25,,2026-09-01
101315,35,1,25,Operations,Male,Operations Manager,5,4073.42,0,4,15,3,10,2011-06-17,2025-11-19,2026-09-01
101316,27,0,20,Customer Support,Female,Customer Success Manager,1,3405.72,0,2,3,3,2,2022-09-02,,2026-09-01
101317,56,1,24,Finance,Female,Financial Analyst,1,9676.42,1,2,13,13,11,2013-05-28,2026-03-06,2026-09-01
101318,38,0,19,HR,Female,HR Specialist,3,4748.06,0,4,10,24,10,2015-09-10,,2026-09-01
101319,55,0,39,HR,Female,HR Manager,1,9965.71,0,1,13,8,5,2013-02-27,,2026-09-01
101320,51,0,9,HR,Male,HR Specialist,3,9784.78,0,3,4,7,4,2022-03-04,,2026-09-01
101321,29,1,7,Operations,Female,Operations Manager,4,3654.77,1,2,2,24,1,2024-02-15,2026-07-05,2026-09-01
101322,60,0,10,HR,Female,HR Manager,2,12600.08,0,3,11,3,0,2014-10-11,,2026-09-01
101323,27,0,17,Finance,Male,Finance Manager,2,8851.67,0,5,12,11,6,2014-03-07,,2026-09-01
101324,63,1,39,Customer Support,Male,Customer Success Manager,1,4775.96,0,2,8,23,0,2018-05-10,2026-04-17,2026-09-01
101325,59,0,10,Finance,Male,Finance Manager,1,3250.64,0,2,0,20,0,2026-01-21,,2026-09-01
101326,38,0,13,Engineering,Female,Data Analyst,5,13288.99,1,2,15,22,0,2011-04-25,,2026-09-01
101327,38,1,20,HR,Male,HR Specialist,3,3751.91,1,5,7,19,5,2018-12-09,2026-03-28,2026-09-01
101328,37,1,31,Finance,Female,Accountant,2,4760.35,0,1,15,0,14,2011-04-03,2025-10-02,2026-09-01
101329,58,0,15,Customer Support,Male,Support Specialist,4,14303.29,1,1,7,3,7,2019-01-27,,2026-09-01
101330,56,0,18,Sales,Female,Sales Representative,3,3828.74,1,3,15,4,1,2010-10-02,,2026-09-01
101331,39,1,36,Finance,Female,Accountant,2,4054.78,0,3,8,20,6,2018-05-13,2026-05-28,2026-09-01
101332,58,0,11,HR,Female,HR Manager,3,6641.75,0,1,12,18,6,2014-06-28,,2026-09-01
101333,27,1,30,Sales,Female,Account Executive,1,11512.52,1,4,10,15,6,2016-02-14,2026-06-04,2026-09-01
101334,59,0,12,Finance,Male,Financial Analyst,1,8056.94,0,4,3,10,0,2023-02-25,,2026-09-01
101335,48,0,12,Engineering,Female,BI Developer,1,10098.72,0,5,13,18,8,2012-10-01,,2026-09-01
101336,30,0,15,Customer Support,Male,Customer Success Manager,5,8769.5,0,5,6,11,3,2020-06-05,,2026-09-01
101337,60,0,39,Operations,Female,Operations Analyst,4,7126.27,0,1,15,17,10,2011-06-28,,2026-09-01
101338,63,0,36,Finance,Male,Accountant,2,7140.29,0,2,3,7,3,2022-12-07,,2026-09-01
101339,21,0,23,Engineering,Female,Software Engineer,4,7398.78,0,1,5,19,5,2021-08-06,,2026-09-01
101340,29,0,18,Customer Support,Male,Support Lead,3,12424.85,1,5,6,14,4,2020-08-03,,2026-09-01
101341,39,0,6,Customer Support,Male,Support Specialist,4,7612.83,0,2,2,1,2,2024-01-12,,2026-09-01
101342,54,0,23,HR,Female,HR Specialist,3,14347.98,1,1,17,0,13,2009-03-06,,2026-09-01
101343,60,1,27,Customer Support,Female,Support Lead,1,6801.34,0,3,1,3,1,2025-08-14,2025-12-19,2026-09-01
101344,51,0,31,Sales,Female,Account Executive,1,10991.84,1,3,0,16,0,2026-04-24,,2026-09-01
101345,58,1,2,Engineering,Male,BI Developer,4,5122.21,0,3,8,7,4,2018-05-11,2026-04-04,2026-09-01
101346,64,0,13,HR,Female,HR Manager,4,7718.4,0,3,8,10,4,2018-03-05,,2026-09-01
101347,34,1,13,Engineering,Male,QA Engineer,1,10110.31,0,5,0,8,0,2025-10-06,2025-11-02,2026-09-01
101348,26,0,37,Customer Support,Female,Support Lead,4,9975.93,0,3,1,3,1,2025-02-06,,2026-09-01
101349,32,1,23,Engineering,Female,BI Developer,1,8379.98,1,2,9,8,7,2017-04-17,2026-06-22,2026-09-01
101350,21,0,4,Engineering,Female,Data Analyst,5,12831.62,0,1,13,12,10,2013-02-26,,2026-09-01
101351,34,0,22,Customer Support,Male,Support Lead,4,7210.84,1,2,10,24,5,2016-05-22,,2026-09-01
101352,60,0,11,Finance,Male,Financial Analyst,3,10633.4,0,3,9,20,0,2017-06-02,,2026-09-01
101353,40,0,31,Finance,Male,Financial Analyst,1,11877.69,1,2,15,13,10,2011-06-21,,2026-09-01
101354,47,0,16,Operations,Female,Operations Analyst,5,13248.12,0,5,11,11,2,2014-10-09,,2026-09-01
101355,60,0,32,Customer Support,Female,Support Specialist,4,10738.07,0,5,20,21,11,2006-03-09,,2026-09-01
101356,63,0,24,Sales,Female,Sales Manager,5,11883.04,1,2,13,21,7,2013-04-10,,2026-09-01
101357,36,0,9,Sales,Male,Account Executive,4,8576.47,1,3,4,19,3,2021-12-04,,2026-09-01
101358,21,0,20,Sales,Male,Account Executive,5,8737.45,0,3,2,0,1,2024-07-20,,2026-09-01
101359,48,0,1,Sales,Female,Sales Manager,2,13148.18,0,2,3,19,3,2022-12-23,,2026-09-01
101360,62,0,24,Sales,Female,Sales Representative,2,12119.99,0,3,0,21,0,2026-06-19,,2026-09-01
101361,39,0,3,Sales,Female,Sales Representative,5,6618.29,0,2,6,13,1,2020-02-11,,2026-09-01
101362,58,1,1,Customer Support,Female,Support Specialist,1,9343.83,0,2,4,11,2,2022-06-29,2026-05-17,2026-09-01
101363,28,0,24,HR,Female,HR Manager,5,13738.72,1,2,9,23,6,2017-03-24,,2026-09-01
101364,36,1,29,Sales,Female,Sales Manager,4,9752.11,0,2,4,2,1,2021-10-09,2026-03-25,2026-09-01
101365,22,1,5,HR,Male,HR Specialist,2,4362.19,0,1,6,12,4,2020-04-20,2026-04-22,2026-09-01
101366,39,0,40,Finance,Male,Finance Manager,3,7831.26,0,4,14,14,3,2012-06-30,,2026-09-01
101367,57,0,17,HR,Male,Recruiter,1,3634.29,0,5,12,18,6,2014-03-11,,2026-09-01
101368,59,0,9,HR,Female,Recruiter,2,7831.99,0,1,4,13,0,2022-04-13,,2026-09-01
101369,24,1,33,Engineering,Male,BI Developer,1,9754.49,0,1,12,11,5,2014-03-21,2025-09-29,2026-09-01
101370,29,1,23,Finance,Female,Financial Analyst,3,9311.71,0,1,12,6,6,2014-02-26,2026-08-01,2026-09-01
101371,21,0,24,HR,Male,Recruiter,5,3628.21,0,5,15,21,15,2011-04-09,,2026-09-01
101372,39,0,40,Customer Support,Male,Customer Success Manager,5,8209.13,0,2,1,18,1,2025-02-26,,2026-09-01
101373,32,0,36,Engineering,Male,QA Engineer,4,8649.04,0,1,15,4,0,2010-10-28,,2026-09-01
101374,27,0,31,HR,Male,HR Manager,2,11529.51,0,3,3,23,2,2023-06-19,,2026-09-01
101375,53,0,37,HR,Female,Recruiter,3,9910.55,0,3,12,24,2,2014-08-17,,2026-09-01
101376,42,0,5,Engineering,Female,QA Engineer,1,5568.24,0,4,18,16,2,2008-03-04,,2026-09-01
101377,30,0,16,HR,Male,HR Specialist,2,11574.19,0,4,17,22,7,2009-01-18,,2026-09-01
101378,59,0,19,Engineering,Female,QA Engineer,5,3456.36,1,4,0,23,0,2025-11-10,,2026-09-01
101379,24,0,26,Engineering,Male,Software Engineer,2,8142.18,0,3,3,19,2,2023-04-12,,2026-09-01
101380,52,0,2,HR,Female,HR Specialist,2,9824.29,1,4,18,21,3,2008-02-13,,2026-09-01
101381,53,1,20,Sales,Female,Sales Manager,2,9346.05,1,5,3,22,1,2023-03-28,2026-05-27,2026-09-01
101382,40,1,24,Engineering,Male,QA Engineer,5,3942.19,0,4,12,20,12,2013-09-03,2026-01-30,2026-09-01
101383,42,0,2,Customer Support,Male,Customer Success Manager,5,10567.08,1,4,13,20,4,2013-06-16,,2026-09-01
101384,35,0,16,Operations,Male,Coordinator,4,14480.44,0,5,0,6,0,2026-05-13,,2026-09-01
101385,24,0,21,Customer Support,Male,Support Specialist,5,4699.31,1,4,20,13,17,2005-10-18,,2026-09-01
101386,25,1,23,Finance,Female,Financial Analyst,3,6954.17,0,5,4,19,0,2021-12-14,2026-04-09,2026-09-01
101387,48,0,37,Customer Support,Male,Support Lead,5,11057.22,1,5,1,21,0,2025-01-09,,2026-09-01
101388,32,0,37,Engineering,Male,BI Developer,1,9792.31,0,4,8,10,0,2018-02-11,,2026-09-01
101389,58,1,10,HR,Female,HR Manager,2,6037.19,0,5,2,15,0,2024-02-11,2025-10-18,2026-09-01
101390,47,0,1,Customer Support,Male,Customer Success Manager,5,11896.9,0,4,18,18,5,2008-02-01,,2026-09-01
101391,47,0,23,Engineering,Male,QA Engineer,1,10978.88,0,5,16,0,1,2010-06-19,,2026-09-01
101392,62,1,10,Operations,Female,Operations Analyst,3,13554.93,0,3,3,2,2,2022-11-18,2026-05-21,2026-09-01
101393,28,0,19,Finance,Female,Accountant,2,6618.55,0,2,16,2,2,2010-03-25,,2026-09-01
101394,27,0,36,Sales,Female,Account Executive,3,9297.2,0,3,19,3,7,2007-07-09,,2026-09-01
101395,22,1,38,Finance,Female,Finance Manager,3,7309.35,0,4,0,17,0,2026-09-01,2026-03-25,2026-09-01
101396,29,0,28,Engineering,Male,Data Analyst,5,10142.96,0,2,16,13,6,2010-02-18,,2026-09-01
101397,57,0,25,Sales,Male,Account Executive,4,4546.47,0,2,8,3,3,2017-12-21,,2026-09-01
101398,55,0,26,Sales,Female,Sales Representative,5,9899.23,0,4,5,4,5,2021-05-07,,2026-09-01
101399,55,0,2,HR,Female,HR Specialist,4,8563.5,0,3,12,5,5,2013-11-21,,2026-09-01
101400,54,0,21,Operations,Male,Operations Manager,5,7815.04,0,2,4,13,0,2021-12-11,,2026-09-01
101401,59,0,32,Finance,Male,Finance Manager,1,14328.99,1,3,0,9,0,2026-02-14,,2026-09-01
101402,52,0,11,HR,Male,HR Manager,2,11230.54,1,1,10,13,8,2016-08-19,,2026-09-01
101403,32,0,26,Engineering,Male,Software Engineer,5,11164.06,1,1,5,18,3,2021-04-09,,2026-09-01
101404,53,0,31,Engineering,Male,Software Engineer,5,6932.02,0,3,20,12,18,2006-05-07,,2026-09-01
101405,45,0,31,Finance,Male,Accountant,4,8651.93,1,2,5,22,1,2021-01-02,,2026-09-01
101406,43,1,24,HR,Female,HR Manager,1,5187.19,1,4,3,8,0,2023-01-21,2025-12-20,2026-09-01
101407,21,0,30,Sales,Female,Sales Representative,3,5945.87,0,1,2,2,1,2023-11-30,,2026-09-01
101408,28,0,31,Operations,Female,Coordinator,5,8716.88,0,1,3,22,0,2022-09-08,,2026-09-01
101409,49,0,26,Engineering,Female,QA Engineer,5,12308.39,0,2,10,3,9,2016-01-05,,2026-09-01
101410,29,0,7,Operations,Male,Operations Manager,2,3267.14,0,5,14,18,6,2012-08-24,,2026-09-01
101411,60,0,35,HR,Male,HR Manager,2,14263.66,1,5,19,20,12,2007-08-25,,2026-09-01
101412,35,0,39,Finance,Female,Financial Analyst,5,12330.57,0,1,14,10,14,2011-12-07,,2026-09-01
101413,43,0,29,Customer Support,Male,Support Specialist,5,14125.43,0,3,12,17,8,2014-01-20,,2026-09-01
101414,40,0,10,HR,Female,Recruiter,1,6566.92,0,3,19,18,5,2007-04-22,,2026-09-01
101415,31,1,6,Customer Support,Female,Customer Success Manager,1,7800.06,0,1,1,9,0,2025-04-03,2025-09-15,2026-09-01
101416,31,0,1,Finance,Male,Finance Manager,5,13264.67,1,1,0,23,0,2026-02-28,,2026-09-01
101417,30,0,36,Customer Support,Female,Support Specialist,5,3936.44,1,3,14,24,3,2012-01-02,,2026-09-01
101418,40,0,34,HR,Female,HR Specialist,2,12809.1,0,5,4,0,2,2022-01-05,,2026-09-01
101419,24,1,25,Sales,Male,Account Executive,1,7504.69,0,4,16,6,16,2009-10-13,2026-05-11,2026-09-01
101420,26,0,12,Finance,Female,Accountant,1,6329.98,0,1,6,16,4,2020-05-23,,2026-09-01
101421,22,0,3,Customer Support,Female,Support Lead,1,8079.94,0,2,5,5,2,2021-04-18,,2026-09-01
101422,59,0,19,Sales,Male,Sales Manager,2,8292.54,0,5,6,9,3,2020-02-15,,2026-09-01
101423,53,0,23,Customer Support,Male,Support Lead,2,8996.11,0,4,11,24,0,2015-05-06,,2026-09-01
101424,26,0,40,Engineering,Female,Data Analyst,5,8551.16,1,5,4,14,0,2022-01-07,,2026-09-01
101425,23,0,33,HR,Female,Recruiter,4,13623.68,1,1,3,10,1,2023-06-19,,2026-09-01
101426,60,0,17,HR,Male,Recruiter,5,6491.72,1,4,15,12,10,2011-07-31,,2026-09-01
101427,23,0,2,Engineering,Male,Software Engineer,3,12176.34,0,4,2,0,1,2023-11-18,,2026-09-01
101428,47,0,1,Finance,Male,Accountant,2,13177.36,0,3,6,2,6,2020-04-20,,2026-09-01
101429,38,0,30,Engineering,Male,Data Analyst,5,4237.72,0,3,5,11,3,2021-02-03,,2026-09-01
101430,37,0,38,Sales,Female,Sales Manager,5,11389.22,0,1,16,15,15,2010-06-27,,2026-09-01
101431,34,0,20,Engineering,Female,Data Analyst,5,8370.26,0,3,13,2,9,2013-03-20,,2026-09-01
101432,53,0,9,Sales,Male,Account Executive,1,5777.78,1,4,5,7,0,2020-12-02,,2026-09-01
101433,33,1,31,Engineering,Male,BI Developer,2,10104.0,1,5,15,19,4,2011-01-27,2026-07-25,2026-09-01
101434,54,0,6,Sales,Female,Sales Manager,4,7578.52,0,4,18,17,7,2007-10-30,,2026-09-01
101435,22,0,9,Engineering,Female,Data Analyst,4,4073.17,0,3,7,2,0,2019-05-19,,2026-09-01
101436,64,0,31,Engineering,Female,QA Engineer,5,3498.94,0,1,12,14,8,2013-12-12,,2026-09-01
101437,30,1,40,Customer Support,Male,Support Lead,2,5814.96,0,3,16,8,14,2010-06-01,2026-05-11,2026-09-01
101438,45,0,9,Operations,Female,Operations Manager,1,14383.87,0,2,14,13,2,2011-11-15,,2026-09-01
101439,35,0,22,Operations,Male,Operations Manager,4,12113.15,0,3,18,1,15,2008-05-01,,2026-09-01
101440,30,0,20,Customer Support,Male,Support Lead,4,10723.19,0,1,13,8,5,2013-03-18,,2026-09-01
101441,33,0,1,Sales,Female,Sales Manager,4,12293.53,1,4,0,22,0,2026-02-12,,2026-09-01
101442,54,1,28,HR,Male,Recruiter,2,9019.3,0,3,20,13,5,2005-12-13,2026-05-13,2026-09-01
101443,55,1,24,HR,Female,HR Manager,1,4330.14,0,4,12,13,11,2014-03-24,2025-11-07,2026-09-01
101444,57,0,13,Customer Support,Female,Support Specialist,4,8893.16,0,4,9,16,9,2017-06-05,,2026-09-01
101445,34,0,2,Sales,Male,Sales Representative,3,6489.19,0,1,14,1,10,2012-03-17,,2026-09-01
101446,39,0,8,Finance,Male,Accountant,2,10950.36,0,4,9,20,6,2017-04-14,,2026-09-01
101447,49,0,35,Customer Support,Male,Support Specialist,3,11139.83,1,3,5,24,1,2020-09-29,,2026-09-01
101448,55,0,20,Sales,Female,Sales Representative,5,10078.65,1,4,4,5,4,2022-05-13,,2026-09-01
101449,39,0,31,Customer Support,Male,Support Specialist,4,6064.2,0,3,4,9,0,2021-12-06,,2026-09-01
101450,38,0,39,Operations,Female,Operations Analyst,1,12473.07,0,4,16,24,2,2010-07-17,,2026-09-01
101451,29,0,4,Finance,Male,Accountant,4,5966.37,0,5,4,0,2,2021-12-29,,2026-09-01
101452,40,0,17,Sales,Female,Account Executive,2,8423.21,1,4,15,8,5,2011-06-28,,2026-09-01
101453,44,1,8,Engineering,Male,Software Engineer,1,6336.08,1,3,6,10,5,2020-02-12,2026-07-24,2026-09-01
101454,23,0,35,HR,Male,HR Manager,1,12063.31,0,2,8,10,7,2018-03-02,,2026-09-01
101455,54,0,18,Engineering,Female,Software Engineer,3,4413.6,1,3,0,10,0,2026-07-06,,2026-09-01
101456,41,0,24,Operations,Male,Operations Analyst,4,3422.83,1,2,13,1,10,2013-04-23,,2026-09-01
101457,63,0,20,Finance,Female,Financial Analyst,1,9692.61,0,4,8,9,1,2018-06-23,,2026-09-01
101458,35,0,31,Finance,Female,Accountant,2,8038.09,0,2,4,3,4,2021-09-25,,2026-09-01
101459,35,0,16,Operations,Female,Coordinator,4,10183.1,0,3,16,13,8,2010-07-07,,2026-09-01
101460,36,1,24,Operations,Male,Coordinator,1,3923.2,0,3,16,11,13,2010-03-16,2026-04-26,2026-09-01
101461,35,0,30,Customer Support,Male,Customer Success Manager,1,4353.3,0,5,0,17,0,2025-12-27,,2026-09-01
101462,45,1,28,Sales,Female,Sales Representative,1,6031.17,0,2,14,2,0,2011-09-16,2025-12-17,2026-09-01
101463,52,0,31,Engineering,Male,QA Engineer,3,5965.78,0,1,2,9,0,2024-08-31,,2026-09-01
101464,51,1,16,Finance,Female,Accountant,1,6717.69,0,5,11,17,3,2015-08-21,2026-01-30,2026-09-01
101465,53,0,14,Sales,Male,Sales Manager,1,13008.33,1,5,9,11,3,2017-01-05,,2026-09-01
101466,26,0,4,HR,Female,HR Manager,2,8829.08,0,5,12,2,10,2014-01-17,,2026-09-01
101467,47,0,24,HR,Male,HR Manager,5,3713.9,0,3,18,9,0,2008-08-20,,2026-09-01
101468,53,0,39,HR,Male,Recruiter,1,13417.05,0,3,1,4,0,2025-02-20,,2026-09-01
101469,61,0,14,Customer Support,Male,Customer Success Manager,1,9570.01,0,4,9,17,6,2017-03-07,,2026-09-01
101470,34,0,14,Customer Support,Male,Customer Success Manager,4,5044.41,1,4,5,7,1,2021-04-29,,2026-09-01
101471,49,0,19,Engineering,Male,Software Engineer,1,7512.21,0,4,19,13,16,2007-02-05,,2026-09-01
101472,53,0,19,Finance,Female,Finance Manager,5,11548.17,1,2,4,17,3,2022-05-22,,2026-09-01
101473,46,0,8,Finance,Female,Accountant,2,8738.46,0,5,17,16,15,2009-03-22,,2026-09-01
101474,24,0,31,Operations,Female,Operations Analyst,4,7812.58,0,5,19,3,0,2007-03-22,,2026-09-01
101475,56,0,29,HR,Male,HR Manager,5,6451.54,1,3,5,22,0,2021-07-01,,2026-09-01
101476,46,0,9,Finance,Male,Accountant,5,3554.82,0,4,2,24,0,2024-04-10,,2026-09-01
101477,33,0,32,Finance,Female,Financial Analyst,2,9372.6,0,4,2,12,1,2023-11-09,,2026-09-01
101478,53,0,26,Operations,Male,Operations Analyst,2,4112.17,1,1,2,12,2,2024-02-05,,2026-09-01
101479,41,0,23,Customer Support,Male,Support Specialist,1,8709.49,0,3,11,21,1,2014-09-10,,2026-09-01
101480,64,0,8,Customer Support,Female,Support Specialist,5,12635.21,0,1,9,5,0,2017-07-27,,2026-09-01
101481,33,0,6,HR,Male,HR Specialist,5,9211.39,0,5,6,17,5,2020-06-09,,2026-09-01
101482,23,0,37,Sales,Male,Sales Representative,3,14107.46,1,4,0,1,0,2025-10-14,,2026-09-01
101483,22,0,22,HR,Female,HR Manager,2,7493.5,0,1,14,22,12,2012-01-11,,2026-09-01
101484,61,0,13,Engineering,Male,Software Engineer,2,11069.05,0,1,16,2,5,2010-08-19,,2026-09-01
101485,54,0,39,HR,Male,Recruiter,4,11678.53,0,4,14,6,1,2012-01-06,,2026-09-01
101486,61,0,5,Sales,Male,Sales Representative,1,3620.73,0,3,3,10,3,2023-04-13,,2026-09-01
101487,58,0,1,Customer Support,Male,Support Lead,1,11392.58,0,4,15,24,10,2011-02-04,,2026-09-01
101488,52,1,26,Operations,Female,Operations Analyst,2,8121.56,0,2,0,2,0,2026-02-14,2025-11-18,2026-09-01
101489,48,0,12,Operations,Female,Operations Manager,2,10214.03,1,5,14,23,5,2012-04-08,,2026-09-01
101490,32,0,5,Sales,Male,Account Executive,1,14364.49,0,5,9,17,5,2017-02-27,,2026-09-01
101491,51,0,28,Operations,Male,Operations Manager,3,14271.78,0,3,10,19,2,2016-04-01,,2026-09-01
101492,50,0,1,HR,Male,HR Manager,5,10699.97,0,2,7,18,7,2019-05-06,,2026-09-01
101493,40,0,17,Finance,Male,Financial Analyst,1,5844.91,1,1,19,5,2,2006-09-02,,2026-09-01
101494,21,0,34,Operations,Male,Operations Analyst,2,10566.61,0,5,12,13,10,2014-06-04,,2026-09-01
101495,34,0,34,Sales,Male,Account Executive,1,7124.87,0,2,2,8,0,2024-05-16,,2026-09-01
101496,38,0,18,Sales,Female,Account Executive,5,6561.9,0,3,18,18,4,2008-03-04,,2026-09-01
101497,24,0,15,Sales,Female,Account Executive,2,7959.9,1,2,19,12,7,2006-09-15,,2026-09-01
101498,58,0,28,HR,Male,HR Specialist,4,14351.54,0,4,12,21,2,2013-10-08,,2026-09-01
101499,64,0,37,Customer Support,Female,Support Lead,5,6728.22,1,1,8,9,8,2018-07-12,,2026-09-01
101500,24,0,33,Engineering,Male,QA Engineer,5,9298.67,0,3,1,10,0,2025-05-10,,2026-09-01
